"Date","Price","Open","High","Low","Change %"
"Mar 19, 2015","6.1960","6.2293","6.2293","6.1864","-0.54%"
"Mar 20, 2015","6.2052","6.1968","6.2233","6.1800","0.15%"
"Mar 23, 2015","6.2140","6.2052","6.2185","6.1975","0.14%"
"Mar 24, 2015","6.2051","6.2147","6.2147","6.1986","-0.14%"
"Mar 25, 2015","6.2121","6.2064","6.2170","6.2011","0.11%"
"Mar 26, 2015","6.2108","6.2126","6.2165","6.2070","-0.02%"
"Mar 27, 2015","6.2150","6.2130","6.2186","6.2093","0.07%"
"Mar 30, 2015","6.2070","6.2130","6.2150","6.2020","-0.13%"
"Mar 31, 2015","6.1995","6.2065","6.2065","6.1946","-0.12%"
"Apr 01, 2015","6.1985","6.2003","6.2003","6.1932","-0.02%"
"Apr 02, 2015","6.1970","6.1967","6.1984","6.1927","-0.02%"
"Apr 03, 2015","6.1935","6.1935","6.1968","6.1886","-0.06%"
"Apr 06, 2015","6.1935","6.1935","6.1935","6.1935","0.00%"
"Apr 07, 2015","6.1960","6.1910","6.1981","6.1884","0.04%"
"Apr 08, 2015","6.2025","6.1975","6.2065","6.1975","0.10%"
"Apr 09, 2015","6.2055","6.2022","6.2062","6.2018","0.05%"
"Apr 10, 2015","6.2085","6.2085","6.2119","6.2062","0.05%"
"Apr 13, 2015","6.2167","6.2093","6.2180","6.2082","0.13%"
"Apr 14, 2015","6.2115","6.2143","6.2153","6.2101","-0.08%"
"Apr 15, 2015","6.2052","6.2070","6.2115","6.2031","-0.10%"
"Apr 16, 2015","6.1962","6.1952","6.2005","6.1933","-0.15%"
"Apr 17, 2015","6.1978","6.1892","6.1980","6.1881","0.03%"
"Apr 20, 2015","6.2010","6.1980","6.2047","6.1965","0.05%"
"Apr 21, 2015","6.2010","6.2020","6.2035","6.1988","0.00%"
"Apr 22, 2015","6.1940","6.2020","6.2020","6.1938","-0.11%"
"Apr 23, 2015","6.1970","6.1935","6.1995","6.1935","0.05%"
"Apr 24, 2015","6.1935","6.1940","6.1994","6.1925","-0.06%"
"Apr 27, 2015","6.2190","6.1950","6.2208","6.1945","0.41%"
"Apr 28, 2015","6.2040","6.2170","6.2192","6.2018","-0.24%"
"Apr 29, 2015","6.1993","6.2050","6.2062","6.1979","-0.08%"
"Apr 30, 2015","6.2028","6.1975","6.2069","6.1958","0.06%"
"May 01, 2015","6.2028","6.2028","6.2028","6.2028","0.00%"
"May 04, 2015","6.2090","6.2065","6.2097","6.2054","0.10%"
"May 05, 2015","6.2060","6.2097","6.2101","6.2025","-0.05%"
"May 06, 2015","6.2004","6.2049","6.2050","6.1952","-0.09%"
"May 07, 2015","6.2066","6.1997","6.2073","6.1983","0.10%"
"May 08, 2015","6.2094","6.2070","6.2107","6.2070","0.05%"
"May 11, 2015","6.2096","6.2101","6.2110","6.2076","0.00%"
"May 12, 2015","6.2089","6.2093","6.2097","6.2071","-0.01%"
"May 13, 2015","6.2046","6.2089","6.2089","6.2025","-0.07%"
"May 14, 2015","6.2016","6.1997","6.2022","6.1986","-0.05%"
"May 15, 2015","6.2061","6.2023","6.2076","6.2023","0.07%"
"May 18, 2015","6.2043","6.2021","6.2062","6.2020","-0.03%"
"May 19, 2015","6.2066","6.2043","6.2071","6.2018","0.04%"
"May 20, 2015","6.2037","6.2056","6.2061","6.2011","-0.05%"
"May 21, 2015","6.1968","6.2030","6.2047","6.1959","-0.11%"
"May 22, 2015","6.1974","6.1961","6.1995","6.1917","0.01%"
"May 25, 2015","6.2020","6.1982","6.2032","6.1980","0.07%"
"May 26, 2015","6.2039","6.2018","6.2070","6.2017","0.03%"
"May 27, 2015","6.2013","6.2037","6.2061","6.2003","-0.04%"
"May 28, 2015","6.2012","6.2015","6.2033","6.1963","-0.00%"
"May 29, 2015","6.1983","6.2003","6.2027","6.1958","-0.05%"
"Jun 01, 2015","6.1995","6.1984","6.2010","6.1942","0.02%"
"Jun 02, 2015","6.1982","6.1991","6.2003","6.1959","-0.02%"
"Jun 03, 2015","6.1978","6.1933","6.1982","6.1928","-0.01%"
"Jun 04, 2015","6.2011","6.1959","6.2037","6.1959","0.05%"
"Jun 05, 2015","6.2034","6.2010","6.2100","6.2010","0.04%"
"Jun 08, 2015","6.2056","6.2052","6.2081","6.2019","0.04%"
"Jun 09, 2015","6.2057","6.2056","6.2071","6.2042","0.00%"
"Jun 10, 2015","6.2058","6.2043","6.2071","6.2037","0.00%"
"Jun 11, 2015","6.2066","6.2058","6.2078","6.2043","0.01%"
"Jun 12, 2015","6.2083","6.2057","6.2084","6.2051","0.03%"
"Jun 15, 2015","6.2090","6.2079","6.2107","6.2078","0.01%"
"Jun 16, 2015","6.2085","6.2077","6.2090","6.2062","-0.01%"
"Jun 17, 2015","6.2096","6.2085","6.2104","6.2061","0.02%"
"Jun 18, 2015","6.2078","6.2058","6.2097","6.2058","-0.03%"
"Jun 19, 2015","6.2095","6.2076","6.2151","6.2065","0.03%"
"Jun 22, 2015","6.2095","6.2095","6.2095","6.2095","0.00%"
"Jun 23, 2015","6.2068","6.2077","6.2095","6.2052","-0.04%"
"Jun 24, 2015","6.2071","6.2075","6.2100","6.2065","0.00%"
"Jun 25, 2015","6.2094","6.2080","6.2104","6.2070","0.04%"
"Jun 26, 2015","6.2090","6.2094","6.2107","6.2076","-0.01%"
"Jun 29, 2015","6.2088","6.2084","6.2114","6.2077","-0.00%"
"Jun 30, 2015","6.2010","6.2075","6.2092","6.2008","-0.13%"
"Jul 01, 2015","6.2014","6.2006","6.2042","6.1999","0.01%"
"Jul 02, 2015","6.2047","6.2022","6.2066","6.2017","0.05%"
"Jul 03, 2015","6.2057","6.2045","6.2071","6.2020","0.02%"
"Jul 06, 2015","6.2091","6.2043","6.2094","6.2043","0.05%"
"Jul 07, 2015","6.2100","6.2073","6.2102","6.2073","0.01%"
"Jul 08, 2015","6.2089","6.2096","6.2113","6.2075","-0.02%"
"Jul 09, 2015","6.2088","6.2100","6.2100","6.2069","-0.00%"
"Jul 10, 2015","6.2092","6.2088","6.2094","6.2067","0.01%"
"Jul 13, 2015","6.2084","6.2085","6.2093","6.2068","-0.01%"
"Jul 14, 2015","6.2089","6.2075","6.2090","6.2073","0.01%"
"Jul 15, 2015","6.2092","6.2098","6.2102","6.2085","0.00%"
"Jul 16, 2015","6.2095","6.2083","6.2096","6.2082","0.00%"
"Jul 17, 2015","6.2095","6.2104","6.2106","6.2091","0.00%"
"Jul 20, 2015","6.2097","6.2096","6.2101","6.2083","0.00%"
"Jul 21, 2015","6.2096","6.2092","6.2097","6.2084","-0.00%"
"Jul 22, 2015","6.2094","6.2092","6.2094","6.2075","-0.00%"
"Jul 23, 2015","6.2095","6.2095","6.2101","6.2086","0.00%"
"Jul 24, 2015","6.2096","6.2094","6.2097","6.2082","0.00%"
"Jul 27, 2015","6.2095","6.2099","6.2101","6.2079","-0.00%"
"Jul 28, 2015","6.2094","6.2105","6.2105","6.2092","-0.00%"
"Jul 29, 2015","6.2090","6.2092","6.2096","6.2076","-0.01%"
"Jul 30, 2015","6.2096","6.2092","6.2096","6.2085","0.01%"
"Jul 31, 2015","6.2097","6.2092","6.2097","6.2086","0.00%"
"Aug 03, 2015","6.2097","6.2104","6.2107","6.2095","0.00%"
"Aug 04, 2015","6.2096","6.2106","6.2107","6.2091","-0.00%"
"Aug 05, 2015","6.2096","6.2097","6.2107","6.2084","0.00%"
"Aug 06, 2015","6.2097","6.2092","6.2097","6.2076","0.00%"
"Aug 07, 2015","6.2097","6.2104","6.2107","6.2095","0.00%"
"Aug 10, 2015","6.2096","6.2099","6.2099","6.2087","-0.00%"
"Aug 11, 2015","6.3248","6.2516","6.3313","6.2516","1.86%"
"Aug 12, 2015","6.3870","6.4224","6.4511","6.3788","0.98%"
"Aug 13, 2015","6.3988","6.3866","6.4428","6.3832","0.18%"
"Aug 14, 2015","6.3918","6.3980","6.4024","6.3900","-0.11%"
"Aug 17, 2015","6.3947","6.3922","6.3966","6.3910","0.05%"
"Aug 18, 2015","6.3938","6.3945","6.4160","6.3860","-0.01%"
"Aug 19, 2015","6.3958","6.3920","6.4002","6.3913","0.03%"
"Aug 20, 2015","6.3890","6.3935","6.4012","6.3835","-0.11%"
"Aug 21, 2015","6.3888","6.3862","6.3993","6.3862","-0.00%"
"Aug 24, 2015","6.4044","6.3892","6.4059","6.3875","0.24%"
"Aug 25, 2015","6.4129","6.4059","6.4211","6.4025","0.13%"
"Aug 26, 2015","6.4110","6.4130","6.4260","6.4053","-0.03%"
"Aug 27, 2015","6.4053","6.4110","6.4166","6.4014","-0.09%"
"Aug 28, 2015","6.3885","6.4063","6.4063","6.3845","-0.26%"
"Aug 31, 2015","6.3764","6.3892","6.3892","6.3744","-0.19%"
"Sep 01, 2015","6.3645","6.3775","6.3775","6.3635","-0.19%"
"Sep 02, 2015","6.3559","6.3656","6.3668","6.3555","-0.14%"
"Sep 03, 2015","6.3559","6.3559","6.3559","6.3559","0.00%"
"Sep 04, 2015","6.3559","6.3559","6.3559","6.3559","0.00%"
"Sep 07, 2015","6.3659","6.3574","6.3704","6.3560","0.16%"
"Sep 08, 2015","6.3672","6.3698","6.3702","6.3615","0.02%"
"Sep 09, 2015","6.3778","6.3610","6.3800","6.3610","0.17%"
"Sep 10, 2015","6.3772","6.3780","6.3858","6.3682","-0.01%"
"Sep 11, 2015","6.3750","6.3659","6.3775","6.3631","-0.03%"
"Sep 14, 2015","6.3679","6.3745","6.3760","6.3670","-0.11%"
"Sep 15, 2015","6.3700","6.3665","6.3722","6.3624","0.03%"
"Sep 16, 2015","6.3709","6.3705","6.3745","6.3692","0.01%"
"Sep 17, 2015","6.3660","6.3721","6.3721","6.3645","-0.08%"
"Sep 18, 2015","6.3643","6.3665","6.3665","6.3595","-0.03%"
"Sep 21, 2015","6.3691","6.3655","6.3708","6.3638","0.08%"
"Sep 22, 2015","6.3760","6.3700","6.3770","6.3690","0.11%"
"Sep 23, 2015","6.3837","6.3756","6.3843","6.3751","0.12%"
"Sep 24, 2015","6.3833","6.3813","6.3845","6.3765","-0.01%"
"Sep 25, 2015","6.3741","6.3826","6.3826","6.3719","-0.14%"
"Sep 28, 2015","6.3688","6.3727","6.3727","6.3652","-0.08%"
"Sep 29, 2015","6.3636","6.3702","6.3702","6.3615","-0.08%"
"Sep 30, 2015","6.3571","6.3651","6.3651","6.3510","-0.10%"
"Oct 01, 2015","6.3560","6.3560","6.3560","6.3560","-0.02%"
"Oct 02, 2015","6.3560","6.3560","6.3560","6.3560","0.00%"
"Oct 05, 2015","6.3560","6.3560","6.3560","6.3560","0.00%"
"Oct 06, 2015","6.3560","6.3560","6.3560","6.3560","0.00%"
"Oct 07, 2015","6.3560","6.3560","6.3560","6.3560","0.00%"
"Oct 08, 2015","6.3535","6.3560","6.3560","6.3476","-0.04%"
"Oct 09, 2015","6.3453","6.3532","6.3532","6.3432","-0.13%"
"Oct 12, 2015","6.3230","6.3370","6.3376","6.3195","-0.35%"
"Oct 13, 2015","6.3423","6.3216","6.3423","6.3216","0.31%"
"Oct 14, 2015","6.3477","6.3435","6.3497","6.3425","0.09%"
"Oct 15, 2015","6.3462","6.3483","6.3484","6.3399","-0.02%"
"Oct 16, 2015","6.3525","6.3460","6.3593","6.3458","0.10%"
"Oct 19, 2015","6.3601","6.3560","6.3665","6.3550","0.12%"
"Oct 20, 2015","6.3484","6.3604","6.3688","6.3427","-0.18%"
"Oct 21, 2015","6.3493","6.3441","6.3503","6.3407","0.01%"
"Oct 22, 2015","6.3580","6.3456","6.3580","6.3453","0.14%"
"Oct 23, 2015","6.3491","6.3580","6.3613","6.3477","-0.14%"
"Oct 26, 2015","6.3532","6.3505","6.3593","6.3488","0.06%"
"Oct 27, 2015","6.3532","6.3506","6.3549","6.3465","0.00%"
"Oct 28, 2015","6.3592","6.3535","6.3599","6.3531","0.09%"
"Oct 29, 2015","6.3567","6.3603","6.3616","6.3528","-0.04%"
"Oct 30, 2015","6.3181","6.3422","6.3496","6.3158","-0.61%"
"Nov 02, 2015","6.3374","6.3189","6.3460","6.3173","0.31%"
"Nov 03, 2015","6.3361","6.3339","6.3418","6.3323","-0.02%"
"Nov 04, 2015","6.3359","6.3350","6.3415","6.3312","-0.00%"
"Nov 05, 2015","6.3461","6.3383","6.3467","6.3353","0.16%"
"Nov 06, 2015","6.3530","6.3487","6.3548","6.3439","0.11%"
"Nov 09, 2015","6.3621","6.3638","6.3674","6.3572","0.14%"
"Nov 10, 2015","6.3618","6.3634","6.3645","6.3545","-0.00%"
"Nov 11, 2015","6.3674","6.3611","6.3674","6.3563","0.09%"
"Nov 12, 2015","6.3693","6.3689","6.3695","6.3639","0.03%"
"Nov 13, 2015","6.3737","6.3689","6.3753","6.3684","0.07%"
"Nov 16, 2015","6.3712","6.3770","6.3803","6.3613","-0.04%"
"Nov 17, 2015","6.3786","6.3702","6.3798","6.3685","0.12%"
"Nov 18, 2015","6.3849","6.3803","6.3866","6.3791","0.10%"
"Nov 19, 2015","6.3830","6.3850","6.3850","6.3735","-0.03%"
"Nov 20, 2015","6.3850","6.3827","6.3869","6.3786","0.03%"
"Nov 23, 2015","6.3893","6.3842","6.3909","6.3842","0.07%"
"Nov 24, 2015","6.3898","6.3878","6.3910","6.3868","0.01%"
"Nov 25, 2015","6.3892","6.3892","6.3909","6.3865","-0.01%"
"Nov 26, 2015","6.3895","6.3880","6.3898","6.3872","0.00%"
"Nov 27, 2015","6.3949","6.3918","6.3965","6.3906","0.08%"
"Nov 30, 2015","6.3982","6.3960","6.3983","6.3903","0.05%"
"Dec 01, 2015","6.3987","6.3966","6.3989","6.3964","0.01%"
"Dec 02, 2015","6.3987","6.3960","6.3988","6.3956","0.00%"
"Dec 03, 2015","6.3975","6.3990","6.4000","6.3948","-0.02%"
"Dec 04, 2015","6.4010","6.3893","6.4041","6.3891","0.05%"
"Dec 07, 2015","6.4082","6.3995","6.4086","6.3995","0.11%"
"Dec 08, 2015","6.4172","6.4110","6.4193","6.4110","0.14%"
"Dec 09, 2015","6.4280","6.4196","6.4289","6.4184","0.17%"
"Dec 10, 2015","6.4378","6.4291","6.4415","6.4290","0.15%"
"Dec 11, 2015","6.4553","6.4397","6.4573","6.4397","0.27%"
"Dec 14, 2015","6.4589","6.4634","6.4651","6.4548","0.06%"
"Dec 15, 2015","6.4610","6.4607","6.4702","6.4561","0.03%"
"Dec 16, 2015","6.4733","6.4617","6.4733","6.4588","0.19%"
"Dec 17, 2015","6.4837","6.4737","6.4851","6.4737","0.16%"
"Dec 18, 2015","6.4815","6.4820","6.4849","6.4778","-0.03%"
"Dec 21, 2015","6.4808","6.4808","6.4825","6.4784","-0.01%"
"Dec 22, 2015","6.4788","6.4799","6.4799","6.4761","-0.03%"
"Dec 23, 2015","6.4778","6.4778","6.4795","6.4756","-0.02%"
"Dec 24, 2015","6.4773","6.4782","6.4801","6.4760","-0.01%"
"Dec 25, 2015","6.4764","6.4745","6.4778","6.4692","-0.01%"
"Dec 28, 2015","6.4886","6.4763","6.4890","6.4761","0.19%"
"Dec 29, 2015","6.4848","6.4867","6.4883","6.4844","-0.06%"
"Dec 30, 2015","6.4912","6.4864","6.4924","6.4864","0.10%"
"Dec 31, 2015","6.4936","6.4917","6.4950","6.4897","0.04%"
"Jan 01, 2016","6.4936","6.4936","6.4936","6.4936","0.00%"
"Jan 04, 2016","6.5354","6.5084","6.5366","6.5084","0.64%"
"Jan 05, 2016","6.5148","6.5210","6.5247","6.5143","-0.32%"
"Jan 06, 2016","6.5566","6.5271","6.5615","6.5271","0.64%"
"Jan 07, 2016","6.5929","6.5823","6.5948","6.5796","0.55%"
"Jan 08, 2016","6.5965","6.5686","6.5967","6.5672","0.05%"
"Jan 11, 2016","6.5695","6.5952","6.5952","6.5695","-0.41%"
"Jan 12, 2016","6.5725","6.5682","6.5805","6.5682","0.05%"
"Jan 13, 2016","6.5754","6.5701","6.5806","6.5701","0.04%"
"Jan 14, 2016","6.5901","6.5776","6.5921","6.5776","0.22%"
"Jan 15, 2016","6.5849","6.5857","6.5884","6.5834","-0.08%"
"Jan 18, 2016","6.5789","6.5840","6.5840","6.5754","-0.09%"
"Jan 19, 2016","6.5785","6.5753","6.5796","6.5753","-0.01%"
"Jan 20, 2016","6.5784","6.5769","6.5803","6.5769","-0.00%"
"Jan 21, 2016","6.5800","6.5787","6.5805","6.5756","0.02%"
"Jan 22, 2016","6.5791","6.5784","6.5800","6.5772","-0.01%"
"Jan 25, 2016","6.5793","6.5784","6.5800","6.5774","0.00%"
"Jan 26, 2016","6.5825","6.5794","6.5851","6.5787","0.05%"
"Jan 27, 2016","6.5778","6.5804","6.5818","6.5755","-0.07%"
"Jan 28, 2016","6.5751","6.5777","6.5789","6.5736","-0.04%"
"Jan 29, 2016","6.5761","6.5745","6.5796","6.5732","0.02%"
"Feb 01, 2016","6.5784","6.5744","6.5819","6.5744","0.03%"
"Feb 02, 2016","6.5798","6.5783","6.5800","6.5772","0.02%"
"Feb 03, 2016","6.5770","6.5793","6.5805","6.5752","-0.04%"
"Feb 04, 2016","6.5648","6.5765","6.5791","6.5643","-0.19%"
"Feb 05, 2016","6.5739","6.5684","6.5754","6.5679","0.14%"
"Feb 08, 2016","6.5739","6.5739","6.5739","6.5739","0.00%"
"Feb 09, 2016","6.5739","6.5739","6.5739","6.5739","0.00%"
"Feb 10, 2016","6.5739","6.5739","6.5739","6.5739","0.00%"
"Feb 11, 2016","6.5739","6.5739","6.5739","6.5739","0.00%"
"Feb 12, 2016","6.5739","6.5739","6.5739","6.5739","0.00%"
"Feb 15, 2016","6.4962","6.5304","6.5309","6.4889","-1.18%"
"Feb 16, 2016","6.5169","6.5011","6.5193","6.5006","0.32%"
"Feb 17, 2016","6.5282","6.5257","6.5293","6.5229","0.17%"
"Feb 18, 2016","6.5188","6.5242","6.5242","6.5160","-0.14%"
"Feb 19, 2016","6.5224","6.5202","6.5237","6.5172","0.06%"
"Feb 22, 2016","6.5218","6.5186","6.5238","6.5178","-0.01%"
"Feb 23, 2016","6.5271","6.5288","6.5299","6.5253","0.08%"
"Feb 24, 2016","6.5317","6.5322","6.5397","6.5311","0.07%"
"Feb 25, 2016","6.5335","6.5336","6.5355","6.5310","0.03%"
"Feb 26, 2016","6.5404","6.5298","6.5414","6.5298","0.11%"
"Feb 29, 2016","6.5540","6.5477","6.5550","6.5467","0.21%"
"Mar 01, 2016","6.5521","6.5459","6.5542","6.5410","-0.03%"
"Mar 02, 2016","6.5510","6.5530","6.5543","6.5496","-0.02%"
"Mar 03, 2016","6.5314","6.5502","6.5502","6.5314","-0.30%"
"Mar 04, 2016","6.5080","6.5300","6.5324","6.5050","-0.36%"
"Mar 07, 2016","6.5168","6.5078","6.5203","6.5052","0.14%"
"Mar 08, 2016","6.5047","6.5161","6.5161","6.5008","-0.19%"
"Mar 09, 2016","6.5130","6.5095","6.5176","6.5095","0.13%"
"Mar 10, 2016","6.5085","6.5145","6.5244","6.5081","-0.07%"
"Mar 11, 2016","6.4953","6.5083","6.5083","6.4863","-0.20%"
"Mar 14, 2016","6.5000","6.4931","6.5020","6.4914","0.07%"
"Mar 15, 2016","6.5145","6.5013","6.5185","6.5013","0.22%"
"Mar 16, 2016","6.5220","6.5139","6.5260","6.5139","0.12%"
"Mar 17, 2016","6.4750","6.4966","6.5003","6.4725","-0.72%"
"Mar 18, 2016","6.4716","6.4762","6.4858","6.4629","-0.05%"
"Mar 21, 2016","6.4846","6.4833","6.4897","6.4789","0.20%"
"Mar 22, 2016","6.4901","6.4977","6.5000","6.4864","0.08%"
"Mar 23, 2016","6.5062","6.4908","6.5088","6.4864","0.25%"
"Mar 24, 2016","6.5146","6.5114","6.5191","6.5083","0.13%"
"Mar 25, 2016","6.5160","6.5175","6.5231","6.5115","0.02%"
"Mar 28, 2016","6.5075","6.5195","6.5214","6.5073","-0.13%"
"Mar 29, 2016","6.5066","6.5082","6.5117","6.5062","-0.01%"
"Mar 30, 2016","6.4650","6.5068","6.5068","6.4650","-0.64%"
"Mar 31, 2016","6.4490","6.4670","6.4690","6.4480","-0.25%"
"Apr 01, 2016","6.4786","6.4604","6.4802","6.4604","0.46%"
"Apr 04, 2016","6.4786","6.4786","6.4786","6.4786","0.00%"
"Apr 05, 2016","6.4772","6.4685","6.4786","6.4663","-0.02%"
"Apr 06, 2016","6.4809","6.4782","6.4901","6.4771","0.06%"
"Apr 07, 2016","6.4630","6.4784","6.4790","6.4630","-0.28%"
"Apr 08, 2016","6.4658","6.4761","6.4827","6.4658","0.04%"
"Apr 11, 2016","6.4595","6.4631","6.4745","6.4565","-0.10%"
"Apr 12, 2016","6.4656","6.4613","6.4726","6.4572","0.09%"
"Apr 13, 2016","6.4784","6.4631","6.4784","6.4616","0.20%"
"Apr 14, 2016","6.4826","6.4857","6.4898","6.4778","0.06%"
"Apr 15, 2016","6.4756","6.4826","6.4901","6.4701","-0.11%"
"Apr 18, 2016","6.4752","6.4802","6.4855","6.4752","-0.01%"
"Apr 19, 2016","6.4581","6.4756","6.4781","6.4581","-0.26%"
"Apr 20, 2016","6.4708","6.4628","6.4733","6.4628","0.20%"
"Apr 21, 2016","6.4819","6.4810","6.4856","6.4715","0.17%"
"Apr 22, 2016","6.5009","6.4826","6.5009","6.4780","0.29%"
"Apr 25, 2016","6.4930","6.5089","6.5115","6.4928","-0.12%"
"Apr 26, 2016","6.4935","6.4896","6.4999","6.4896","0.01%"
"Apr 27, 2016","6.4950","6.4880","6.4972","6.4875","0.02%"
"Apr 28, 2016","6.4759","6.4990","6.5047","6.4756","-0.29%"
"Apr 29, 2016","6.4741","6.4737","6.4882","6.4622","-0.03%"
"May 02, 2016","6.4741","6.4741","6.4741","6.4741","0.00%"
"May 03, 2016","6.4917","6.4738","6.4917","6.4714","0.27%"
"May 04, 2016","6.4947","6.4916","6.5066","6.4915","0.05%"
"May 05, 2016","6.5034","6.5011","6.5095","6.4983","0.13%"
"May 06, 2016","6.5001","6.5069","6.5105","6.4986","-0.05%"
"May 09, 2016","6.5169","6.4979","6.5184","6.4979","0.26%"
"May 10, 2016","6.5183","6.5173","6.5266","6.5159","0.02%"
"May 11, 2016","6.4920","6.5188","6.5188","6.4920","-0.40%"
"May 12, 2016","6.5168","6.4973","6.5213","6.4973","0.38%"
"May 13, 2016","6.5320","6.5181","6.5343","6.5181","0.23%"
"May 16, 2016","6.5212","6.5288","6.5332","6.5196","-0.17%"
"May 17, 2016","6.5204","6.5222","6.5309","6.5190","-0.01%"
"May 18, 2016","6.5388","6.5253","6.5406","6.5253","0.28%"
"May 19, 2016","6.5470","6.5455","6.5507","6.5408","0.13%"
"May 20, 2016","6.5490","6.5463","6.5490","6.5385","0.03%"
"May 23, 2016","6.5557","6.5442","6.5599","6.5424","0.10%"
"May 24, 2016","6.5572","6.5515","6.5592","6.5507","0.02%"
"May 25, 2016","6.5541","6.5594","6.5650","6.5541","-0.05%"
"May 26, 2016","6.5570","6.5598","6.5644","6.5525","0.04%"
"May 27, 2016","6.5633","6.5548","6.5665","6.5544","0.10%"
"May 30, 2016","6.5832","6.5800","6.5847","6.5762","0.30%"
"May 31, 2016","6.5829","6.5830","6.5889","6.5751","-0.00%"
"Jun 01, 2016","6.5751","6.5840","6.5944","6.5746","-0.12%"
"Jun 02, 2016","6.5845","6.5772","6.5865","6.5769","0.14%"
"Jun 03, 2016","6.5648","6.5825","6.5883","6.5648","-0.30%"
"Jun 06, 2016","6.5637","6.5549","6.5689","6.5549","-0.02%"
"Jun 07, 2016","6.5715","6.5653","6.5739","6.5653","0.12%"
"Jun 08, 2016","6.5625","6.5732","6.5739","6.5612","-0.14%"
"Jun 09, 2016","6.5619","6.5619","6.5619","6.5619","-0.01%"
"Jun 10, 2016","6.5619","6.5619","6.5619","6.5619","0.00%"
"Jun 13, 2016","6.5857","6.5624","6.5926","6.5624","0.36%"
"Jun 14, 2016","6.5965","6.5823","6.5981","6.5823","0.16%"
"Jun 15, 2016","6.5818","6.6060","6.6076","6.5811","-0.22%"
"Jun 16, 2016","6.5920","6.5806","6.5930","6.5721","0.15%"
"Jun 17, 2016","6.5884","6.5934","6.5960","6.5817","-0.05%"
"Jun 20, 2016","6.5770","6.5829","6.5829","6.5724","-0.17%"
"Jun 21, 2016","6.5903","6.5740","6.5910","6.5730","0.20%"
"Jun 22, 2016","6.5775","6.5924","6.5954","6.5725","-0.19%"
"Jun 23, 2016","6.5772","6.5762","6.5857","6.5708","-0.00%"
"Jun 24, 2016","6.6218","6.5868","6.6313","6.5868","0.68%"
"Jun 27, 2016","6.6516","6.6390","6.6544","6.6349","0.45%"
"Jun 28, 2016","6.6481","6.6511","6.6559","6.6445","-0.05%"
"Jun 29, 2016","6.6367","6.6467","6.6557","6.6348","-0.17%"
"Jun 30, 2016","6.6480","6.6372","6.6563","6.6372","0.17%"
"Jul 01, 2016","6.6557","6.6469","6.6623","6.6469","0.12%"
"Jul 04, 2016","6.6653","6.6570","6.6688","6.6533","0.14%"
"Jul 05, 2016","6.6796","6.6651","6.6799","6.6651","0.21%"
"Jul 06, 2016","6.6930","6.6855","6.6977","6.6840","0.20%"
"Jul 07, 2016","6.6810","6.6870","6.6898","6.6800","-0.18%"
"Jul 08, 2016","6.6881","6.6851","6.6892","6.6798","0.11%"
"Jul 11, 2016","6.6939","6.6872","6.6939","6.6862","0.09%"
"Jul 12, 2016","6.6885","6.6905","6.6946","6.6836","-0.08%"
"Jul 13, 2016","6.6863","6.6821","6.6955","6.6811","-0.03%"
"Jul 14, 2016","6.6836","6.6875","6.6917","6.6836","-0.04%"
"Jul 15, 2016","6.6887","6.6818","6.6887","6.6814","0.08%"
"Jul 18, 2016","6.7045","6.6932","6.7066","6.6932","0.24%"
"Jul 19, 2016","6.6963","6.7045","6.7045","6.6920","-0.12%"
"Jul 20, 2016","6.6777","6.6949","6.6949","6.6718","-0.28%"
"Jul 21, 2016","6.6755","6.6780","6.6836","6.6700","-0.03%"
"Jul 22, 2016","6.6795","6.6770","6.6797","6.6703","0.06%"
"Jul 25, 2016","6.6785","6.6823","6.6830","6.6760","-0.01%"
"Jul 26, 2016","6.6720","6.6815","6.6824","6.6678","-0.10%"
"Jul 27, 2016","6.6700","6.6710","6.6748","6.6683","-0.03%"
"Jul 28, 2016","6.6554","6.6696","6.6696","6.6546","-0.22%"
"Jul 29, 2016","6.6373","6.6508","6.6561","6.6360","-0.27%"
"Aug 01, 2016","6.6439","6.6308","6.6441","6.6308","0.10%"
"Aug 02, 2016","6.6272","6.6454","6.6523","6.6266","-0.25%"
"Aug 03, 2016","6.6342","6.6261","6.6361","6.6260","0.11%"
"Aug 04, 2016","6.6418","6.6350","6.6471","6.6330","0.11%"
"Aug 05, 2016","6.6564","6.6423","6.6566","6.6404","0.22%"
"Aug 08, 2016","6.6614","6.6602","6.6661","6.6587","0.08%"
"Aug 09, 2016","6.6557","6.6624","6.6662","6.6549","-0.09%"
"Aug 10, 2016","6.6380","6.6564","6.6564","6.6292","-0.27%"
"Aug 11, 2016","6.6277","6.6309","6.6438","6.6277","-0.16%"
"Aug 12, 2016","6.6353","6.6428","6.6490","6.6338","0.11%"
"Aug 15, 2016","6.6380","6.6441","6.6491","6.6360","0.04%"
"Aug 16, 2016","6.6253","6.6383","6.6410","6.6149","-0.19%"
"Aug 17, 2016","6.6343","6.6256","6.6365","6.6225","0.14%"
"Aug 18, 2016","6.6312","6.6343","6.6350","6.6201","-0.05%"
"Aug 19, 2016","6.6532","6.6313","6.6551","6.6313","0.33%"
"Aug 22, 2016","6.6507","6.6660","6.6691","6.6463","-0.04%"
"Aug 23, 2016","6.6409","6.6534","6.6542","6.6406","-0.15%"
"Aug 24, 2016","6.6591","6.6433","6.6598","6.6407","0.27%"
"Aug 25, 2016","6.6593","6.6594","6.6638","6.6540","0.00%"
"Aug 26, 2016","6.6719","6.6620","6.6723","6.6565","0.19%"
"Aug 29, 2016","6.6777","6.6753","6.6808","6.6700","0.09%"
"Aug 30, 2016","6.6812","6.6791","6.6837","6.6752","0.05%"
"Aug 31, 2016","6.6793","6.6797","6.6823","6.6775","-0.03%"
"Sep 01, 2016","6.6715","6.6779","6.6808","6.6715","-0.12%"
"Sep 02, 2016","6.6805","6.6762","6.6832","6.6743","0.13%"
"Sep 05, 2016","6.6766","6.6806","6.6822","6.6752","-0.06%"
"Sep 06, 2016","6.6755","6.6799","6.6904","6.6755","-0.02%"
"Sep 07, 2016","6.6625","6.6751","6.6751","6.6617","-0.19%"
"Sep 08, 2016","6.6643","6.6623","6.6691","6.6561","0.03%"
"Sep 09, 2016","6.6781","6.6662","6.6843","6.6662","0.21%"
"Sep 12, 2016","6.6801","6.6784","6.6823","6.6766","0.03%"
"Sep 13, 2016","6.6794","6.6807","6.6814","6.6761","-0.01%"
"Sep 14, 2016","6.6734","6.6822","6.6822","6.6707","-0.09%"
"Sep 15, 2016","6.6734","6.6734","6.6734","6.6734","0.00%"
"Sep 16, 2016","6.6734","6.6734","6.6734","6.6734","0.00%"
"Sep 19, 2016","6.6685","6.6741","6.6755","6.6639","-0.07%"
"Sep 20, 2016","6.6720","6.6701","6.6745","6.6670","0.05%"
"Sep 21, 2016","6.6721","6.6742","6.6759","6.6720","0.00%"
"Sep 22, 2016","6.6648","6.6638","6.6732","6.6638","-0.11%"
"Sep 23, 2016","6.6694","6.6661","6.6715","6.6635","0.07%"
"Sep 26, 2016","6.6689","6.6732","6.6732","6.6689","-0.01%"
"Sep 27, 2016","6.6701","6.6693","6.6708","6.6661","0.02%"
"Sep 28, 2016","6.6752","6.6717","6.6755","6.6673","0.08%"
"Sep 29, 2016","6.6673","6.6753","6.6753","6.6650","-0.12%"
"Sep 30, 2016","6.6716","6.6681","6.6739","6.6666","0.06%"
"Oct 03, 2016","6.6716","6.6716","6.6716","6.6716","0.00%"
"Oct 04, 2016","6.6716","6.6716","6.6716","6.6716","0.00%"
"Oct 05, 2016","6.6716","6.6716","6.6716","6.6716","0.00%"
"Oct 06, 2016","6.6716","6.6716","6.6716","6.6716","0.00%"
"Oct 07, 2016","6.6716","6.6716","6.6716","6.6716","0.00%"
"Oct 10, 2016","6.7074","6.6704","6.7081","6.6704","0.54%"
"Oct 11, 2016","6.7220","6.7091","6.7220","6.7078","0.22%"
"Oct 12, 2016","6.7190","6.7161","6.7237","6.7140","-0.04%"
"Oct 13, 2016","6.7274","6.7277","6.7341","6.7238","0.13%"
"Oct 14, 2016","6.7288","6.7260","6.7288","6.7217","0.02%"
"Oct 17, 2016","6.7375","6.7324","6.7425","6.7321","0.13%"
"Oct 18, 2016","6.7409","6.7359","6.7418","6.7330","0.05%"
"Oct 19, 2016","6.7379","6.7368","6.7414","6.7360","-0.04%"
"Oct 20, 2016","6.7454","6.7385","6.7454","6.7355","0.11%"
"Oct 21, 2016","6.7667","6.7452","6.7672","6.7452","0.32%"
"Oct 24, 2016","6.7752","6.7645","6.7764","6.7645","0.13%"
"Oct 25, 2016","6.7812","6.7760","6.7841","6.7760","0.09%"
"Oct 26, 2016","6.7712","6.7727","6.7746","6.7670","-0.15%"
"Oct 27, 2016","6.7851","6.7752","6.7851","6.7752","0.21%"
"Oct 28, 2016","6.7790","6.7850","6.7899","6.7782","-0.09%"
"Oct 31, 2016","6.7758","6.7715","6.7758","6.7703","-0.05%"
"Nov 01, 2016","6.7665","6.7770","6.7803","6.7651","-0.14%"
"Nov 02, 2016","6.7570","6.7616","6.7677","6.7569","-0.14%"
"Nov 03, 2016","6.7646","6.7578","6.7664","6.7578","0.11%"
"Nov 04, 2016","6.7565","6.7642","6.7649","6.7564","-0.12%"
"Nov 07, 2016","6.7766","6.7560","6.7783","6.7560","0.30%"
"Nov 08, 2016","6.7874","6.7774","6.7877","6.7774","0.16%"
"Nov 09, 2016","6.7800","6.7851","6.7877","6.7581","-0.11%"
"Nov 10, 2016","6.8019","6.7939","6.8022","6.7918","0.32%"
"Nov 11, 2016","6.8125","6.8170","6.8193","6.7989","0.16%"
"Nov 14, 2016","6.8468","6.8112","6.8472","6.8112","0.50%"
"Nov 15, 2016","6.8591","6.8445","6.8675","6.8445","0.18%"
"Nov 16, 2016","6.8804","6.8604","6.8804","6.8604","0.31%"
"Nov 17, 2016","6.8782","6.8793","6.8793","6.8697","-0.03%"
"Nov 18, 2016","6.8887","6.8764","6.8930","6.8764","0.15%"
"Nov 21, 2016","6.8928","6.8880","6.9000","6.8864","0.06%"
"Nov 22, 2016","6.8900","6.8938","6.8938","6.8840","-0.04%"
"Nov 23, 2016","6.9202","6.8887","6.9203","6.8887","0.44%"
"Nov 24, 2016","6.9196","6.9230","6.9238","6.9170","-0.01%"
"Nov 25, 2016","6.9198","6.9222","6.9232","6.9142","0.00%"
"Nov 28, 2016","6.9087","6.9075","6.9091","6.9029","-0.16%"
"Nov 29, 2016","6.8968","6.8942","6.9021","6.8935","-0.17%"
"Nov 30, 2016","6.8868","6.8864","6.8897","6.8838","-0.14%"
"Dec 01, 2016","6.8865","6.8935","6.8992","6.8865","-0.00%"
"Dec 02, 2016","6.8865","6.8826","6.8903","6.8822","0.00%"
"Dec 05, 2016","6.8810","6.8863","6.8933","6.8800","-0.08%"
"Dec 06, 2016","6.8820","6.8791","6.8821","6.8653","0.01%"
"Dec 07, 2016","6.8805","6.8815","6.8938","6.8790","-0.02%"
"Dec 08, 2016","6.8799","6.8827","6.8832","6.8759","-0.01%"
"Dec 09, 2016","6.9077","6.9020","6.9085","6.9009","0.40%"
"Dec 12, 2016","6.9069","6.9104","6.9187","6.9069","-0.01%"
"Dec 13, 2016","6.9017","6.9078","6.9078","6.9008","-0.08%"
"Dec 14, 2016","6.9051","6.9026","6.9102","6.9009","0.05%"
"Dec 15, 2016","6.9443","6.9057","6.9444","6.9057","0.57%"
"Dec 16, 2016","6.9603","6.9520","6.9625","6.9479","0.23%"
"Dec 19, 2016","6.9539","6.9428","6.9546","6.9428","-0.09%"
"Dec 20, 2016","6.9505","6.9505","6.9595","6.9494","-0.05%"
"Dec 21, 2016","6.9421","6.9501","6.9548","6.9421","-0.12%"
"Dec 22, 2016","6.9504","6.9452","6.9516","6.9452","0.12%"
"Dec 23, 2016","6.9464","6.9482","6.9532","6.9442","-0.06%"
"Dec 26, 2016","6.9489","6.9439","6.9506","6.9439","0.04%"
"Dec 27, 2016","6.9525","6.9514","6.9542","6.9464","0.05%"
"Dec 28, 2016","6.9593","6.9515","6.9620","6.9515","0.10%"
"Dec 29, 2016","6.9552","6.9503","6.9575","6.9497","-0.06%"
"Dec 30, 2016","6.9450","6.9555","6.9555","6.9420","-0.15%"
"Jan 02, 2017","6.9450","6.9450","6.9450","6.9450","0.00%"
"Jan 03, 2017","6.9610","6.9569","6.9638","6.9558","0.23%"
"Jan 04, 2017","6.9351","6.9570","6.9594","6.9351","-0.37%"
"Jan 05, 2017","6.8900","6.9300","6.9324","6.8709","-0.65%"
"Jan 06, 2017","6.9207","6.8772","6.9404","6.8762","0.45%"
"Jan 09, 2017","6.9375","6.9315","6.9381","6.9315","0.24%"
"Jan 10, 2017","6.9215","6.9321","6.9343","6.9215","-0.23%"
"Jan 11, 2017","6.9377","6.9267","6.9379","6.9232","0.23%"
"Jan 12, 2017","6.8915","6.9205","6.9246","6.8889","-0.67%"
"Jan 13, 2017","6.9005","6.9010","6.9051","6.8871","0.13%"
"Jan 16, 2017","6.9009","6.8982","6.9024","6.8931","0.01%"
"Jan 17, 2017","6.8546","6.9016","6.9059","6.8546","-0.67%"
"Jan 18, 2017","6.8390","6.8531","6.8741","6.8319","-0.23%"
"Jan 19, 2017","6.8712","6.8631","6.8801","6.8539","0.47%"
"Jan 20, 2017","6.8765","6.8615","6.8821","6.8615","0.08%"
"Jan 23, 2017","6.8539","6.8596","6.8605","6.8360","-0.33%"
"Jan 24, 2017","6.8590","6.8414","6.8652","6.8414","0.07%"
"Jan 25, 2017","6.8836","6.8582","6.8855","6.8582","0.36%"
"Jan 26, 2017","6.8817","6.8738","6.8856","6.8734","-0.03%"
"Jan 27, 2017","6.8817","6.8817","6.8817","6.8817","0.00%"
"Jan 30, 2017","6.8817","6.8817","6.8817","6.8817","0.00%"
"Jan 31, 2017","6.8817","6.8817","6.8817","6.8817","0.00%"
"Feb 01, 2017","6.8817","6.8817","6.8817","6.8817","0.00%"
"Feb 02, 2017","6.8817","6.8817","6.8817","6.8817","0.00%"
"Feb 03, 2017","6.8697","6.8700","6.8794","6.8691","-0.17%"
"Feb 06, 2017","6.8630","6.8655","6.8708","6.8590","-0.10%"
"Feb 07, 2017","6.8843","6.8625","6.8863","6.8612","0.31%"
"Feb 08, 2017","6.8723","6.8822","6.8939","6.8703","-0.17%"
"Feb 09, 2017","6.8689","6.8680","6.8737","6.8622","-0.05%"
"Feb 10, 2017","6.8785","6.8761","6.8826","6.8740","0.14%"
"Feb 13, 2017","6.8815","6.8817","6.8920","6.8724","0.04%"
"Feb 14, 2017","6.8674","6.8776","6.8894","6.8589","-0.20%"
"Feb 15, 2017","6.8711","6.8701","6.8778","6.8633","0.05%"
"Feb 16, 2017","6.8537","6.8625","6.8639","6.8489","-0.25%"
"Feb 17, 2017","6.8665","6.8550","6.8735","6.8549","0.19%"
"Feb 20, 2017","6.8785","6.8685","6.8826","6.8675","0.17%"
"Feb 21, 2017","6.8841","6.8808","6.8895","6.8800","0.08%"
"Feb 22, 2017","6.8777","6.8794","6.8834","6.8754","-0.09%"
"Feb 23, 2017","6.8661","6.8817","6.8840","6.8646","-0.17%"
"Feb 24, 2017","6.8690","6.8735","6.8783","6.8690","0.04%"
"Feb 27, 2017","6.8708","6.8795","6.8817","6.8689","0.03%"
"Feb 28, 2017","6.8678","6.8723","6.8729","6.8624","-0.04%"
"Mar 01, 2017","6.8819","6.8755","6.8826","6.8749","0.21%"
"Mar 02, 2017","6.8899","6.8802","6.8911","6.8801","0.12%"
"Mar 03, 2017","6.8972","6.8918","6.9079","6.8918","0.11%"
"Mar 06, 2017","6.8974","6.8868","6.9005","6.8868","0.00%"
"Mar 07, 2017","6.9025","6.8994","6.9071","6.8987","0.07%"
"Mar 08, 2017","6.9131","6.9009","6.9133","6.9002","0.15%"
"Mar 09, 2017","6.9113","6.9129","6.9226","6.9085","-0.03%"
"Mar 10, 2017","6.9095","6.9147","6.9217","6.9080","-0.03%"
"Mar 13, 2017","6.9145","6.9070","6.9146","6.9060","0.07%"
"Mar 14, 2017","6.9150","6.9136","6.9224","6.9131","0.01%"
"Mar 15, 2017","6.9147","6.9106","6.9173","6.9105","-0.00%"
"Mar 16, 2017","6.8980","6.9162","6.9162","6.8910","-0.24%"
"Mar 17, 2017","6.9034","6.8984","6.9110","6.8984","0.08%"
"Mar 20, 2017","6.9085","6.9049","6.9112","6.9035","0.07%"
"Mar 21, 2017","6.8870","6.9090","6.9114","6.8870","-0.31%"
"Mar 22, 2017","6.8828","6.8873","6.8959","6.8828","-0.06%"
"Mar 23, 2017","6.8861","6.8879","6.8949","6.8849","0.05%"
"Mar 24, 2017","6.8837","6.8877","6.8998","6.8837","-0.03%"
"Mar 27, 2017","6.8728","6.8830","6.8830","6.8677","-0.16%"
"Mar 28, 2017","6.8802","6.8710","6.8892","6.8707","0.11%"
"Mar 29, 2017","6.8900","6.8800","6.8960","6.8800","0.14%"
"Mar 30, 2017","6.8894","6.8903","6.8974","6.8894","-0.01%"
"Mar 31, 2017","6.8871","6.8909","6.9064","6.8867","-0.03%"
"Apr 03, 2017","6.8871","6.8871","6.8871","6.8871","0.00%"
"Apr 04, 2017","6.8871","6.8871","6.8871","6.8871","0.00%"
"Apr 05, 2017","6.8948","6.8860","6.8990","6.8860","0.11%"
"Apr 06, 2017","6.8978","6.8943","6.9047","6.8943","0.04%"
"Apr 07, 2017","6.9004","6.8981","6.9062","6.8904","0.04%"
"Apr 10, 2017","6.9031","6.9093","6.9151","6.9031","0.04%"
"Apr 11, 2017","6.8923","6.9018","6.9068","6.8910","-0.16%"
"Apr 12, 2017","6.8915","6.8918","6.9019","6.8902","-0.01%"
"Apr 13, 2017","6.8900","6.8925","6.8925","6.8765","-0.02%"
"Apr 14, 2017","6.8854","6.8884","6.8893","6.8821","-0.07%"
"Apr 17, 2017","6.8823","6.8825","6.8916","6.8783","-0.05%"
"Apr 18, 2017","6.8819","6.8841","6.8951","6.8806","-0.01%"
"Apr 19, 2017","6.8880","6.8798","6.8892","6.8770","0.09%"
"Apr 20, 2017","6.8822","6.8883","6.8933","6.8819","-0.08%"
"Apr 21, 2017","6.8859","6.8814","6.8861","6.8789","0.05%"
"Apr 24, 2017","6.8848","6.8808","6.8882","6.8807","-0.02%"
"Apr 25, 2017","6.8847","6.8863","6.8891","6.8809","-0.00%"
"Apr 26, 2017","6.8926","6.8833","6.8927","6.8828","0.11%"
"Apr 27, 2017","6.8979","6.8939","6.9009","6.8921","0.08%"
"Apr 28, 2017","6.8935","6.8956","6.9016","6.8903","-0.06%"
"May 01, 2017","6.8935","6.8935","6.8935","6.8935","0.00%"
"May 02, 2017","6.8960","6.8910","6.8985","6.8910","0.04%"
"May 03, 2017","6.8989","6.8966","6.8990","6.8907","0.04%"
"May 04, 2017","6.8962","6.8968","6.8988","6.8901","-0.04%"
"May 05, 2017","6.9031","6.8938","6.9032","6.8938","0.10%"
"May 08, 2017","6.9045","6.8993","6.9067","6.8991","0.02%"
"May 09, 2017","6.9074","6.9075","6.9095","6.9052","0.04%"
"May 10, 2017","6.9032","6.9071","6.9094","6.8970","-0.06%"
"May 11, 2017","6.9037","6.9034","6.9080","6.9016","0.01%"
"May 12, 2017","6.8994","6.9014","6.9070","6.8994","-0.06%"
"May 15, 2017","6.8930","6.9002","6.9032","6.8930","-0.09%"
"May 16, 2017","6.8867","6.8926","6.8964","6.8845","-0.09%"
"May 17, 2017","6.8819","6.8887","6.8963","6.8819","-0.07%"
"May 18, 2017","6.8893","6.8849","6.8969","6.8848","0.11%"
"May 19, 2017","6.8850","6.8900","6.8974","6.8848","-0.06%"
"May 22, 2017","6.8864","6.8865","6.8961","6.8835","0.02%"
"May 23, 2017","6.8900","6.8848","6.8941","6.8818","0.05%"
"May 24, 2017","6.8899","6.8896","6.8959","6.8895","-0.00%"
"May 25, 2017","6.8689","6.8899","6.8899","6.8653","-0.30%"
"May 26, 2017","6.8556","6.8703","6.8703","6.8490","-0.19%"
"May 29, 2017","6.8556","6.8556","6.8556","6.8556","0.00%"
"May 30, 2017","6.8556","6.8556","6.8556","6.8556","0.00%"
"May 31, 2017","6.8101","6.8528","6.8529","6.8101","-0.66%"
"Jun 01, 2017","6.8078","6.8056","6.8119","6.7879","-0.03%"
"Jun 02, 2017","6.8117","6.8052","6.8242","6.8045","0.06%"
"Jun 05, 2017","6.8040","6.7986","6.8059","6.7973","-0.11%"
"Jun 06, 2017","6.7953","6.8037","6.8037","6.7926","-0.13%"
"Jun 07, 2017","6.7957","6.7863","6.7978","6.7862","0.01%"
"Jun 08, 2017","6.8003","6.7963","6.8013","6.7938","0.07%"
"Jun 09, 2017","6.7980","6.7961","6.8041","6.7955","-0.03%"
"Jun 12, 2017","6.7982","6.7950","6.7996","6.7948","0.00%"
"Jun 13, 2017","6.7990","6.7971","6.7995","6.7965","0.01%"
"Jun 14, 2017","6.7917","6.7988","6.8006","6.7887","-0.11%"
"Jun 15, 2017","6.8079","6.7896","6.8079","6.7896","0.24%"
"Jun 16, 2017","6.8104","6.8048","6.8162","6.8046","0.04%"
"Jun 19, 2017","6.8195","6.8112","6.8199","6.8063","0.13%"
"Jun 20, 2017","6.8292","6.8187","6.8360","6.8182","0.14%"
"Jun 21, 2017","6.8295","6.8305","6.8363","6.8250","0.00%"
"Jun 22, 2017","6.8348","6.8300","6.8364","6.8275","0.08%"
"Jun 23, 2017","6.8367","6.8346","6.8454","6.8346","0.03%"
"Jun 26, 2017","6.8411","6.8339","6.8468","6.8339","0.06%"
"Jun 27, 2017","6.8126","6.8408","6.8466","6.8088","-0.42%"
"Jun 28, 2017","6.7998","6.8114","6.8114","6.7944","-0.19%"
"Jun 29, 2017","6.7870","6.8014","6.8014","6.7749","-0.19%"
"Jun 30, 2017","6.7809","6.7856","6.7856","6.7614","-0.09%"
"Jul 03, 2017","6.8007","6.7781","6.8013","6.7781","0.29%"
"Jul 04, 2017","6.8007","6.8007","6.8030","6.7971","0.00%"
"Jul 05, 2017","6.8015","6.8005","6.8035","6.7936","0.01%"
"Jul 06, 2017","6.8015","6.8020","6.8074","6.7977","0.00%"
"Jul 07, 2017","6.8059","6.8011","6.8059","6.7969","0.06%"
"Jul 10, 2017","6.8036","6.8049","6.8049","6.7998","-0.03%"
"Jul 11, 2017","6.8025","6.8041","6.8086","6.7997","-0.02%"
"Jul 12, 2017","6.7877","6.8022","6.8022","6.7868","-0.22%"
"Jul 13, 2017","6.7835","6.7874","6.7874","6.7766","-0.06%"
"Jul 14, 2017","6.7758","6.7842","6.7860","6.7692","-0.11%"
"Jul 17, 2017","6.7700","6.7751","6.7763","6.7654","-0.09%"
"Jul 18, 2017","6.7463","6.7703","6.7703","6.7416","-0.35%"
"Jul 19, 2017","6.7519","6.7458","6.7591","6.7458","0.08%"
"Jul 20, 2017","6.7595","6.7536","6.7744","6.7536","0.11%"
"Jul 21, 2017","6.7669","6.7576","6.7705","6.7555","0.11%"
"Jul 24, 2017","6.7511","6.7687","6.7687","6.7507","-0.23%"
"Jul 25, 2017","6.7511","6.7504","6.7568","6.7425","0.00%"
"Jul 26, 2017","6.7539","6.7504","6.7595","6.7504","0.04%"
"Jul 27, 2017","6.7430","6.7550","6.7550","6.7250","-0.16%"
"Jul 28, 2017","6.7374","6.7422","6.7498","6.7364","-0.08%"
"Jul 31, 2017","6.7265","6.7387","6.7387","6.7232","-0.16%"
"Aug 01, 2017","6.7181","6.7252","6.7252","6.7157","-0.12%"
"Aug 02, 2017","6.7219","6.7189","6.7297","6.7189","0.06%"
"Aug 03, 2017","6.7169","6.7219","6.7330","6.7169","-0.07%"
"Aug 04, 2017","6.7289","6.7167","6.7305","6.7149","0.18%"
"Aug 07, 2017","6.7214","6.7264","6.7290","6.7171","-0.11%"
"Aug 08, 2017","6.7065","6.7222","6.7222","6.6966","-0.22%"
"Aug 09, 2017","6.6739","6.7068","6.7075","6.6708","-0.49%"
"Aug 10, 2017","6.6475","6.6734","6.6734","6.6464","-0.40%"
"Aug 11, 2017","6.6647","6.6495","6.6801","6.6495","0.26%"
"Aug 14, 2017","6.6711","6.6618","6.6727","6.6570","0.10%"
"Aug 15, 2017","6.6855","6.6705","6.6864","6.6690","0.22%"
"Aug 16, 2017","6.6916","6.6860","6.6981","6.6825","0.09%"
"Aug 17, 2017","6.6755","6.6925","6.6925","6.6657","-0.24%"
"Aug 18, 2017","6.6713","6.6743","6.6828","6.6677","-0.06%"
"Aug 21, 2017","6.6656","6.6726","6.6762","6.6656","-0.09%"
"Aug 22, 2017","6.6624","6.6654","6.6654","6.6546","-0.05%"
"Aug 23, 2017","6.6589","6.6620","6.6693","6.6585","-0.05%"
"Aug 24, 2017","6.6620","6.6589","6.6661","6.6541","0.05%"
"Aug 25, 2017","6.6497","6.6632","6.6707","6.6463","-0.18%"
"Aug 28, 2017","6.6159","6.6467","6.6467","6.6159","-0.51%"
"Aug 29, 2017","6.5968","6.6220","6.6250","6.5938","-0.29%"
"Aug 30, 2017","6.5944","6.5970","6.5998","6.5823","-0.04%"
"Aug 31, 2017","6.5899","6.5927","6.6025","6.5876","-0.07%"
"Sep 01, 2017","6.5591","6.5927","6.5927","6.5516","-0.47%"
"Sep 04, 2017","6.5310","6.5593","6.5604","6.5216","-0.43%"
"Sep 05, 2017","6.5388","6.5312","6.5579","6.5194","0.12%"
"Sep 06, 2017","6.5240","6.5364","6.5485","6.5194","-0.23%"
"Sep 07, 2017","6.4865","6.5256","6.5321","6.4855","-0.57%"
"Sep 08, 2017","6.4817","6.4873","6.4873","6.4390","-0.07%"
"Sep 11, 2017","6.5297","6.5093","6.5303","6.5016","0.74%"
"Sep 12, 2017","6.5354","6.5274","6.5498","6.5272","0.09%"
"Sep 13, 2017","6.5430","6.5364","6.5431","6.5236","0.12%"
"Sep 14, 2017","6.5560","6.5440","6.5601","6.5440","0.20%"
"Sep 15, 2017","6.5526","6.5545","6.5552","6.5388","-0.05%"
"Sep 18, 2017","6.5741","6.5477","6.5759","6.5473","0.33%"
"Sep 19, 2017","6.5838","6.5762","6.6006","6.5758","0.15%"
"Sep 20, 2017","6.5749","6.5849","6.5849","6.5675","-0.14%"
"Sep 21, 2017","6.5899","6.5739","6.6041","6.5739","0.23%"
"Sep 22, 2017","6.5911","6.5873","6.5996","6.5732","0.02%"
"Sep 25, 2017","6.6212","6.5919","6.6226","6.5919","0.46%"
"Sep 26, 2017","6.6401","6.6180","6.6418","6.6144","0.29%"
"Sep 27, 2017","6.6425","6.6371","6.6447","6.6321","0.04%"
"Sep 28, 2017","6.6640","6.6437","6.6780","6.6437","0.32%"
"Sep 29, 2017","6.6534","6.6571","6.6821","6.6368","-0.16%"
"Oct 02, 2017","6.6534","6.6534","6.6534","6.6534","0.00%"
"Oct 03, 2017","6.6534","6.6534","6.6534","6.6534","0.00%"
"Oct 04, 2017","6.6534","6.6534","6.6534","6.6534","0.00%"
"Oct 05, 2017","6.6534","6.6534","6.6534","6.6534","0.00%"
"Oct 06, 2017","6.6534","6.6534","6.6534","6.6534","0.00%"
"Oct 09, 2017","6.6255","6.6553","6.6571","6.6221","-0.42%"
"Oct 10, 2017","6.5715","6.6237","6.6237","6.5715","-0.82%"
"Oct 11, 2017","6.5902","6.5724","6.6003","6.5724","0.28%"
"Oct 12, 2017","6.5880","6.5896","6.5997","6.5838","-0.03%"
"Oct 13, 2017","6.5796","6.5866","6.5886","6.5737","-0.13%"
"Oct 16, 2017","6.5899","6.5799","6.5944","6.5742","0.16%"
"Oct 17, 2017","6.6235","6.5900","6.6248","6.5899","0.51%"
"Oct 18, 2017","6.6274","6.6244","6.6290","6.6080","0.06%"
"Oct 19, 2017","6.6151","6.6275","6.6391","6.6126","-0.19%"
"Oct 20, 2017","6.6205","6.6145","6.6271","6.6050","0.08%"
"Oct 23, 2017","6.6400","6.6205","6.6411","6.6205","0.29%"
"Oct 24, 2017","6.6358","6.6403","6.6403","6.6270","-0.06%"
"Oct 25, 2017","6.6390","6.6375","6.6492","6.6351","0.05%"
"Oct 26, 2017","6.6426","6.6384","6.6435","6.6319","0.05%"
"Oct 27, 2017","6.6514","6.6408","6.6632","6.6407","0.13%"
"Oct 30, 2017","6.6465","6.6481","6.6526","6.6445","-0.07%"
"Oct 31, 2017","6.6349","6.6461","6.6461","6.6250","-0.17%"
"Nov 01, 2017","6.6029","6.6339","6.6385","6.6011","-0.48%"
"Nov 02, 2017","6.6089","6.6039","6.6132","6.5851","0.09%"
"Nov 03, 2017","6.6390","6.6098","6.6399","6.6066","0.46%"
"Nov 06, 2017","6.6338","6.6387","6.6434","6.6303","-0.08%"
"Nov 07, 2017","6.6400","6.6321","6.6421","6.6224","0.09%"
"Nov 08, 2017","6.6280","6.6411","6.6467","6.6256","-0.18%"
"Nov 09, 2017","6.6403","6.6274","6.6441","6.6266","0.19%"
"Nov 10, 2017","6.6414","6.6394","6.6465","6.6361","0.02%"
"Nov 13, 2017","6.6405","6.6500","6.6531","6.6386","-0.01%"
"Nov 14, 2017","6.6363","6.6397","6.6450","6.6343","-0.06%"
"Nov 15, 2017","6.6235","6.6385","6.6388","6.6158","-0.19%"
"Nov 16, 2017","6.6307","6.6235","6.6406","6.6235","0.11%"
"Nov 17, 2017","6.6267","6.6296","6.6373","6.6242","-0.06%"
"Nov 20, 2017","6.6350","6.6295","6.6422","6.6295","0.13%"
"Nov 21, 2017","6.6296","6.6331","6.6450","6.6277","-0.08%"
"Nov 22, 2017","6.6102","6.6281","6.6343","6.6092","-0.29%"
"Nov 23, 2017","6.5835","6.6131","6.6131","6.5761","-0.40%"
"Nov 24, 2017","6.6022","6.5765","6.6085","6.5762","0.28%"
"Nov 27, 2017","6.5969","6.6000","6.6072","6.5960","-0.08%"
"Nov 28, 2017","6.6076","6.6028","6.6120","6.5938","0.16%"
"Nov 29, 2017","6.6094","6.6053","6.6119","6.5947","0.03%"
"Nov 30, 2017","6.6128","6.6143","6.6212","6.6060","0.05%"
"Dec 01, 2017","6.6174","6.6112","6.6194","6.6082","0.07%"
"Dec 04, 2017","6.6197","6.6113","6.6212","6.6113","0.03%"
"Dec 05, 2017","6.6191","6.6163","6.6200","6.6126","-0.01%"
"Dec 06, 2017","6.6149","6.6173","6.6208","6.6118","-0.06%"
"Dec 07, 2017","6.6193","6.6170","6.6212","6.6145","0.07%"
"Dec 08, 2017","6.6212","6.6184","6.6219","6.6152","0.03%"
"Dec 11, 2017","6.6186","6.6162","6.6188","6.6150","-0.04%"
"Dec 12, 2017","6.6215","6.6151","6.6235","6.6151","0.04%"
"Dec 13, 2017","6.6174","6.6199","6.6230","6.6164","-0.06%"
"Dec 14, 2017","6.6096","6.6046","6.6117","6.6042","-0.12%"
"Dec 15, 2017","6.6093","6.6070","6.6117","6.6064","-0.00%"
"Dec 18, 2017","6.6164","6.6122","6.6190","6.6120","0.11%"
"Dec 19, 2017","6.6047","6.6159","6.6185","6.6022","-0.18%"
"Dec 20, 2017","6.5785","6.6040","6.6066","6.5758","-0.40%"
"Dec 21, 2017","6.5847","6.5595","6.5885","6.5550","0.09%"
"Dec 22, 2017","6.5774","6.5819","6.5859","6.5694","-0.11%"
"Dec 25, 2017","6.5397","6.5708","6.5732","6.5388","-0.57%"
"Dec 26, 2017","6.5453","6.5398","6.5584","6.5354","0.09%"
"Dec 27, 2017","6.5568","6.5418","6.5598","6.5418","0.18%"
"Dec 28, 2017","6.5334","6.5542","6.5598","6.5304","-0.36%"
"Dec 29, 2017","6.5067","6.5274","6.5304","6.5027","-0.41%"
"Jan 01, 2018","6.5067","6.5067","6.5067","6.5067","0.00%"
"Jan 02, 2018","6.4933","6.4963","6.5054","6.4920","-0.21%"
"Jan 03, 2018","6.5030","6.4970","6.5126","6.4970","0.15%"
"Jan 04, 2018","6.4933","6.5034","6.5111","6.4926","-0.15%"
"Jan 05, 2018","6.4887","6.4813","6.4910","6.4794","-0.07%"
"Jan 08, 2018","6.4998","6.4768","6.5015","6.4768","0.17%"
"Jan 09, 2018","6.5297","6.5069","6.5330","6.5011","0.46%"
"Jan 10, 2018","6.5081","6.5328","6.5373","6.5031","-0.33%"
"Jan 11, 2018","6.4958","6.5133","6.5179","6.4916","-0.19%"
"Jan 12, 2018","6.4610","6.4886","6.4906","6.4536","-0.54%"
"Jan 15, 2018","6.4371","6.4521","6.4560","6.4189","-0.37%"
"Jan 16, 2018","6.4440","6.4391","6.4477","6.4266","0.11%"
"Jan 17, 2018","6.4343","6.4273","6.4404","6.4199","-0.15%"
"Jan 18, 2018","6.4203","6.4373","6.4437","6.4177","-0.22%"
"Jan 19, 2018","6.4040","6.4056","6.4112","6.3926","-0.25%"
"Jan 22, 2018","6.4053","6.4102","6.4156","6.3999","0.02%"
"Jan 23, 2018","6.4047","6.3948","6.4139","6.3948","-0.01%"
"Jan 24, 2018","6.3700","6.3970","6.4013","6.3696","-0.54%"
"Jan 25, 2018","6.3238","6.3579","6.3600","6.3185","-0.73%"
"Jan 26, 2018","6.3201","6.3261","6.3344","6.3119","-0.06%"
"Jan 29, 2018","6.3375","6.3296","6.3398","6.3267","0.28%"
"Jan 30, 2018","6.3239","6.3371","6.3478","6.3197","-0.21%"
"Jan 31, 2018","6.2888","6.3302","6.3353","6.2882","-0.56%"
"Feb 01, 2018","6.2995","6.2956","6.3096","6.2885","0.17%"
"Feb 02, 2018","6.3014","6.2823","6.3041","6.2707","0.03%"
"Feb 05, 2018","6.2900","6.3064","6.3097","6.2867","-0.18%"
"Feb 06, 2018","6.2833","6.2978","6.3010","6.2689","-0.11%"
"Feb 07, 2018","6.2694","6.2645","6.2703","6.2565","-0.22%"
"Feb 08, 2018","6.3270","6.2899","6.3449","6.2854","0.92%"
"Feb 09, 2018","6.2969","6.3253","6.3318","6.2933","-0.48%"
"Feb 12, 2018","6.3275","6.2939","6.3328","6.2875","0.49%"
"Feb 13, 2018","6.3410","6.3281","6.3505","6.3240","0.21%"
"Feb 14, 2018","6.3482","6.3393","6.3574","6.3339","0.11%"
"Feb 15, 2018","6.3482","6.3482","6.3482","6.3482","0.00%"
"Feb 16, 2018","6.3482","6.3482","6.3482","6.3482","0.00%"
"Feb 19, 2018","6.3482","6.3482","6.3482","6.3482","0.00%"
"Feb 20, 2018","6.3482","6.3482","6.3482","6.3482","0.00%"
"Feb 21, 2018","6.3482","6.3482","6.3482","6.3482","0.00%"
"Feb 22, 2018","6.3500","6.3479","6.3655","6.3456","0.03%"
"Feb 23, 2018","6.3373","6.3498","6.3523","6.3354","-0.20%"
"Feb 26, 2018","6.3160","6.3266","6.3281","6.3078","-0.34%"
"Feb 27, 2018","6.3170","6.3001","6.3172","6.2932","0.02%"
"Feb 28, 2018","6.3311","6.3345","6.3369","6.3247","0.22%"
"Mar 01, 2018","6.3582","6.3295","6.3602","6.3295","0.43%"
"Mar 02, 2018","6.3454","6.3446","6.3627","6.3406","-0.20%"
"Mar 05, 2018","6.3495","6.3285","6.3496","6.3281","0.06%"
"Mar 06, 2018","6.3098","6.3350","6.3479","6.3098","-0.63%"
"Mar 07, 2018","6.3255","6.3269","6.3333","6.3196","0.25%"
"Mar 08, 2018","6.3422","6.3333","6.3424","6.3262","0.26%"
"Mar 09, 2018","6.3325","6.3501","6.3557","6.3325","-0.15%"
"Mar 12, 2018","6.3300","6.3301","6.3352","6.3241","-0.04%"
"Mar 13, 2018","6.3216","6.3223","6.3363","6.3216","-0.13%"
"Mar 14, 2018","6.3180","6.3220","6.3261","6.3100","-0.06%"
"Mar 15, 2018","6.3221","6.3080","6.3244","6.3071","0.06%"
"Mar 16, 2018","6.3350","6.3352","6.3377","6.3259","0.20%"
"Mar 19, 2018","6.3322","6.3372","6.3397","6.3302","-0.04%"
"Mar 20, 2018","6.3340","6.3255","6.3344","6.3246","0.03%"
"Mar 21, 2018","6.3232","6.3364","6.3373","6.3232","-0.17%"
"Mar 22, 2018","6.3350","6.3156","6.3361","6.3155","0.19%"
"Mar 23, 2018","6.3160","6.3351","6.3382","6.3160","-0.30%"
"Mar 26, 2018","6.2734","6.3139","6.3208","6.2734","-0.67%"
"Mar 27, 2018","6.2831","6.2596","6.2866","6.2460","0.15%"
"Mar 28, 2018","6.2979","6.2706","6.3010","6.2705","0.24%"
"Mar 29, 2018","6.2898","6.2993","6.3063","6.2832","-0.13%"
"Mar 30, 2018","6.2753","6.2855","6.2882","6.2660","-0.23%"
"Apr 02, 2018","6.2805","6.2692","6.2843","6.2692","0.08%"
"Apr 03, 2018","6.2899","6.2833","6.2915","6.2833","0.15%"
"Apr 04, 2018","6.3052","6.2898","6.3098","6.2851","0.24%"
"Apr 05, 2018","6.3052","6.3052","6.3052","6.3052","0.00%"
"Apr 06, 2018","6.3052","6.3052","6.3052","6.3052","0.00%"
"Apr 09, 2018","6.3070","6.3031","6.3203","6.2975","0.03%"
"Apr 10, 2018","6.2832","6.3079","6.3102","6.2828","-0.38%"
"Apr 11, 2018","6.2690","6.2855","6.2911","6.2680","-0.23%"
"Apr 12, 2018","6.2915","6.2736","6.2942","6.2734","0.36%"
"Apr 13, 2018","6.2750","6.2896","6.2953","6.2750","-0.26%"
"Apr 16, 2018","6.2765","6.2763","6.2874","6.2755","0.02%"
"Apr 17, 2018","6.2826","6.2736","6.2871","6.2735","0.10%"
"Apr 18, 2018","6.2744","6.2870","6.2919","6.2721","-0.13%"
"Apr 19, 2018","6.2791","6.2810","6.2831","6.2633","0.07%"
"Apr 20, 2018","6.2965","6.2888","6.2984","6.2837","0.28%"
"Apr 23, 2018","6.3171","6.2965","6.3173","6.2895","0.33%"
"Apr 24, 2018","6.3065","6.3223","6.3227","6.3055","-0.17%"
"Apr 25, 2018","6.3266","6.3064","6.3299","6.3034","0.32%"
"Apr 26, 2018","6.3365","6.3273","6.3369","6.3214","0.16%"
"Apr 27, 2018","6.3332","6.3368","6.3472","6.3281","-0.05%"
"Apr 30, 2018","6.3332","6.3332","6.3332","6.3332","0.00%"
"May 01, 2018","6.3332","6.3332","6.3332","6.3332","0.00%"
"May 02, 2018","6.3624","6.3540","6.3659","6.3540","0.46%"
"May 03, 2018","6.3537","6.3633","6.3712","6.3472","-0.14%"
"May 04, 2018","6.3627","6.3482","6.3669","6.3449","0.14%"
"May 07, 2018","6.3667","6.3528","6.3694","6.3488","0.06%"
"May 08, 2018","6.3706","6.3647","6.3708","6.3605","0.06%"
"May 09, 2018","6.3624","6.3784","6.3861","6.3606","-0.13%"
"May 10, 2018","6.3492","6.3730","6.3742","6.3448","-0.21%"
"May 11, 2018","6.3341","6.3376","6.3491","6.3255","-0.24%"
"May 14, 2018","6.3392","6.3338","6.3438","6.3338","0.08%"
"May 15, 2018","6.3778","6.3422","6.3804","6.3422","0.61%"
"May 16, 2018","6.3715","6.3766","6.3804","6.3647","-0.10%"
"May 17, 2018","6.3671","6.3723","6.3723","6.3574","-0.07%"
"May 18, 2018","6.3800","6.3730","6.3817","6.3691","0.20%"
"May 21, 2018","6.3835","6.3797","6.3947","6.3775","0.05%"
"May 22, 2018","6.3675","6.3750","6.3793","6.3657","-0.25%"
"May 23, 2018","6.3885","6.3695","6.3913","6.3695","0.33%"
"May 24, 2018","6.3783","6.3896","6.3972","6.3773","-0.16%"
"May 25, 2018","6.3918","6.3883","6.3929","6.3849","0.21%"
"May 28, 2018","6.3993","6.3893","6.4007","6.3887","0.12%"
"May 29, 2018","6.4176","6.4088","6.4230","6.4047","0.29%"
"May 30, 2018","6.4190","6.4207","6.4345","6.4161","0.02%"
"May 31, 2018","6.4103","6.4174","6.4175","6.3995","-0.14%"
"Jun 01, 2018","6.4204","6.4098","6.4217","6.4095","0.16%"
"Jun 04, 2018","6.4100","6.4230","6.4279","6.4062","-0.16%"
"Jun 05, 2018","6.4061","6.4065","6.4145","6.4001","-0.06%"
"Jun 06, 2018","6.3884","6.4072","6.4072","6.3862","-0.28%"
"Jun 07, 2018","6.3921","6.3899","6.3987","6.3897","0.06%"
"Jun 08, 2018","6.4066","6.4005","6.4148","6.4004","0.23%"
"Jun 11, 2018","6.4017","6.4068","6.4101","6.4012","-0.08%"
"Jun 12, 2018","6.4028","6.4110","6.4122","6.4022","0.02%"
"Jun 13, 2018","6.3984","6.4133","6.4140","6.3969","-0.07%"
"Jun 14, 2018","6.4017","6.3986","6.4048","6.3929","0.05%"
"Jun 15, 2018","6.4394","6.4195","6.4394","6.4131","0.59%"
"Jun 18, 2018","6.4394","6.4394","6.4394","6.4394","0.00%"
"Jun 19, 2018","6.4852","6.4428","6.4853","6.4428","0.71%"
"Jun 20, 2018","6.4738","6.4655","6.4811","6.4655","-0.18%"
"Jun 21, 2018","6.4932","6.4819","6.5093","6.4819","0.30%"
"Jun 22, 2018","6.5059","6.4947","6.5098","6.4947","0.20%"
"Jun 25, 2018","6.5400","6.5039","6.5474","6.5039","0.52%"
"Jun 26, 2018","6.5793","6.5373","6.5818","6.5369","0.60%"
"Jun 27, 2018","6.6046","6.5859","6.6199","6.5859","0.38%"
"Jun 28, 2018","6.6271","6.6181","6.6335","6.6090","0.34%"
"Jun 29, 2018","6.6210","6.6305","6.6429","6.6085","-0.09%"
"Jul 02, 2018","6.6680","6.6317","6.6681","6.6311","0.71%"
"Jul 03, 2018","6.6425","6.7089","6.7225","6.6410","-0.38%"
"Jul 04, 2018","6.6325","6.6403","6.6403","6.6040","-0.15%"
"Jul 05, 2018","6.6371","6.6298","6.6478","6.6298","0.07%"
"Jul 06, 2018","6.6435","6.6380","6.6685","6.6380","0.10%"
"Jul 09, 2018","6.6161","6.6429","6.6444","6.6135","-0.41%"
"Jul 10, 2018","6.6298","6.5983","6.6354","6.5983","0.21%"
"Jul 11, 2018","6.6812","6.6734","6.6832","6.6563","0.78%"
"Jul 12, 2018","6.6677","6.7022","6.7064","6.6633","-0.20%"
"Jul 13, 2018","6.6917","6.6578","6.7054","6.6525","0.36%"
"Jul 16, 2018","6.6911","6.6919","6.7087","6.6751","-0.01%"
"Jul 17, 2018","6.7065","6.6931","6.7081","6.6760","0.23%"
"Jul 18, 2018","6.7196","6.7065","6.7233","6.6986","0.20%"
"Jul 19, 2018","6.7751","6.7249","6.7881","6.7242","0.83%"
"Jul 20, 2018","6.7709","6.7790","6.8155","6.7699","-0.06%"
"Jul 23, 2018","6.7929","6.7536","6.7965","6.7403","0.32%"
"Jul 24, 2018","6.7914","6.8146","6.8248","6.7913","-0.02%"
"Jul 25, 2018","6.7697","6.7951","6.8088","6.7573","-0.32%"
"Jul 26, 2018","6.7927","6.7424","6.7958","6.7423","0.34%"
"Jul 27, 2018","6.8137","6.8080","6.8409","6.8018","0.31%"
"Jul 30, 2018","6.8150","6.8208","6.8437","6.8150","0.02%"
"Jul 31, 2018","6.8127","6.8349","6.8450","6.8127","-0.03%"
"Aug 01, 2018","6.8227","6.8294","6.8369","6.7957","0.15%"
"Aug 02, 2018","6.8428","6.8094","6.8514","6.8093","0.29%"
"Aug 03, 2018","6.8332","6.8584","6.8949","6.8332","-0.14%"
"Aug 06, 2018","6.8535","6.8276","6.8541","6.8010","0.30%"
"Aug 07, 2018","6.8317","6.8509","6.8658","6.8223","-0.32%"
"Aug 08, 2018","6.8357","6.8067","6.8414","6.8002","0.06%"
"Aug 09, 2018","6.8210","6.8276","6.8381","6.8130","-0.22%"
"Aug 10, 2018","6.8471","6.8360","6.8610","6.8308","0.38%"
"Aug 13, 2018","6.8912","6.8763","6.8913","6.8699","0.64%"
"Aug 14, 2018","6.8842","6.8872","6.8973","6.8799","-0.10%"
"Aug 15, 2018","6.9347","6.8921","6.9348","6.8878","0.73%"
"Aug 16, 2018","6.8825","6.9227","6.9227","6.8816","-0.75%"
"Aug 17, 2018","6.8775","6.8687","6.8967","6.8687","-0.07%"
"Aug 20, 2018","6.8577","6.8626","6.8694","6.8467","-0.29%"
"Aug 21, 2018","6.8472","6.8382","6.8523","6.8338","-0.15%"
"Aug 22, 2018","6.8417","6.8389","6.8490","6.8389","-0.08%"
"Aug 23, 2018","6.8777","6.8559","6.8799","6.8558","0.53%"
"Aug 24, 2018","6.8070","6.8755","6.8947","6.8070","-1.03%"
"Aug 27, 2018","6.8156","6.8168","6.8266","6.8064","0.13%"
"Aug 28, 2018","6.8030","6.8134","6.8214","6.7984","-0.18%"
"Aug 29, 2018","6.8213","6.8013","6.8299","6.8013","0.27%"
"Aug 30, 2018","6.8445","6.8216","6.8446","6.8216","0.34%"
"Aug 31, 2018","6.8315","6.8472","6.8485","6.8230","-0.19%"
"Sep 03, 2018","6.8228","6.8434","6.8469","6.8174","-0.13%"
"Sep 04, 2018","6.8442","6.8240","6.8453","6.8061","0.31%"
"Sep 05, 2018","6.8305","6.8303","6.8469","6.8292","-0.20%"
"Sep 06, 2018","6.8355","6.8298","6.8424","6.8239","0.07%"
"Sep 07, 2018","6.8438","6.8333","6.8498","6.8265","0.12%"
"Sep 10, 2018","6.8556","6.8479","6.8668","6.8479","0.17%"
"Sep 11, 2018","6.8730","6.8656","6.8791","6.8582","0.25%"
"Sep 12, 2018","6.8606","6.8736","6.8826","6.8606","-0.18%"
"Sep 13, 2018","6.8447","6.8368","6.8542","6.8283","-0.23%"
"Sep 14, 2018","6.8690","6.8447","6.8690","6.8447","0.36%"
"Sep 17, 2018","6.8570","6.8695","6.8781","6.8558","-0.17%"
"Sep 18, 2018","6.8615","6.8552","6.8806","6.8552","0.07%"
"Sep 19, 2018","6.8483","6.8653","6.8676","6.8473","-0.19%"
"Sep 20, 2018","6.8468","6.8515","6.8583","6.8403","-0.02%"
"Sep 21, 2018","6.8571","6.8357","6.8604","6.8337","0.15%"
"Sep 24, 2018","6.8571","6.8571","6.8571","6.8571","0.00%"
"Sep 25, 2018","6.8665","6.8608","6.8842","6.8605","0.14%"
"Sep 26, 2018","6.8786","6.8748","6.8803","6.8708","0.18%"
"Sep 27, 2018","6.8902","6.8788","6.8933","6.8700","0.17%"
"Sep 28, 2018","6.8689","6.8872","6.8904","6.8678","-0.31%"
"Oct 01, 2018","6.8689","6.8689","6.8689","6.8689","0.00%"
"Oct 02, 2018","6.8689","6.8689","6.8689","6.8689","0.00%"
"Oct 03, 2018","6.8689","6.8689","6.8689","6.8689","0.00%"
"Oct 04, 2018","6.8689","6.8689","6.8689","6.8689","0.00%"
"Oct 05, 2018","6.8689","6.8689","6.8689","6.8689","0.00%"
"Oct 08, 2018","6.9307","6.9040","6.9339","6.8947","0.90%"
"Oct 09, 2018","6.9228","6.9300","6.9300","6.9082","-0.11%"
"Oct 10, 2018","6.9242","6.9227","6.9259","6.9169","0.02%"
"Oct 11, 2018","6.8899","6.9243","6.9350","6.8899","-0.50%"
"Oct 12, 2018","6.9224","6.8915","6.9322","6.8915","0.47%"
"Oct 15, 2018","6.9168","6.9232","6.9336","6.9164","-0.08%"
"Oct 16, 2018","6.9120","6.9153","6.9277","6.9071","-0.07%"
"Oct 17, 2018","6.9275","6.9115","6.9298","6.9114","0.22%"
"Oct 18, 2018","6.9376","6.9349","6.9429","6.9340","0.15%"
"Oct 19, 2018","6.9297","6.9402","6.9422","6.9267","-0.11%"
"Oct 22, 2018","6.9474","6.9320","6.9477","6.9320","0.26%"
"Oct 23, 2018","6.9383","6.9453","6.9454","6.9358","-0.13%"
"Oct 24, 2018","6.9440","6.9405","6.9456","6.9369","0.08%"
"Oct 25, 2018","6.9489","6.9442","6.9527","6.9422","0.07%"
"Oct 26, 2018","6.9435","6.9535","6.9652","6.9351","-0.08%"
"Oct 29, 2018","6.9619","6.9402","6.9629","6.9401","0.26%"
"Oct 30, 2018","6.9672","6.9615","6.9720","6.9592","0.08%"
"Oct 31, 2018","6.9756","6.9680","6.9783","6.9638","0.12%"
"Nov 01, 2018","6.9233","6.9686","6.9724","6.9216","-0.75%"
"Nov 02, 2018","6.8907","6.9108","6.9328","6.8689","-0.47%"
"Nov 05, 2018","6.9257","6.8902","6.9308","6.8902","0.51%"
"Nov 06, 2018","6.9195","6.9268","6.9307","6.9137","-0.09%"
"Nov 07, 2018","6.9200","6.9256","6.9435","6.9145","0.01%"
"Nov 08, 2018","6.9345","6.9254","6.9394","6.9254","0.21%"
"Nov 09, 2018","6.9567","6.9399","6.9567","6.9399","0.32%"
"Nov 12, 2018","6.9635","6.9519","6.9704","6.9490","0.10%"
"Nov 13, 2018","6.9560","6.9657","6.9710","6.9496","-0.11%"
"Nov 14, 2018","6.9505","6.9491","6.9551","6.9463","-0.08%"
"Nov 15, 2018","6.9392","6.9428","6.9473","6.9329","-0.16%"
"Nov 16, 2018","6.9380","6.9392","6.9518","6.9297","-0.02%"
"Nov 19, 2018","6.9420","6.9348","6.9472","6.9347","0.06%"
"Nov 20, 2018","6.9452","6.9438","6.9468","6.9367","0.05%"
"Nov 21, 2018","6.9270","6.9435","6.9519","6.9270","-0.26%"
"Nov 22, 2018","6.9320","6.9316","6.9389","6.9230","0.07%"
"Nov 23, 2018","6.9485","6.9328","6.9496","6.9320","0.24%"
"Nov 26, 2018","6.9407","6.9466","6.9481","6.9341","-0.11%"
"Nov 27, 2018","6.9515","6.9491","6.9552","6.9446","0.16%"
"Nov 28, 2018","6.9539","6.9499","6.9574","6.9499","0.03%"
"Nov 29, 2018","6.9425","6.9437","6.9477","6.9353","-0.16%"
"Nov 30, 2018","6.9605","6.9496","6.9605","6.9449","0.26%"
"Dec 03, 2018","6.8831","6.9275","6.9367","6.8831","-1.11%"
"Dec 04, 2018","6.8373","6.8836","6.8916","6.8338","-0.67%"
"Dec 05, 2018","6.8567","6.8518","6.8712","6.8458","0.28%"
"Dec 06, 2018","6.8827","6.8559","6.8970","6.8559","0.38%"
"Dec 07, 2018","6.8757","6.8800","6.8919","6.8682","-0.10%"
"Dec 10, 2018","6.9117","6.8918","6.9182","6.8860","0.52%"
"Dec 11, 2018","6.9000","6.9185","6.9185","6.8950","-0.17%"
"Dec 12, 2018","6.8800","6.8849","6.8951","6.8769","-0.29%"
"Dec 13, 2018","6.8816","6.8776","6.8837","6.8641","0.02%"
"Dec 14, 2018","6.9077","6.8883","6.9078","6.8869","0.38%"
"Dec 17, 2018","6.8972","6.9009","6.9035","6.8927","-0.15%"
"Dec 18, 2018","6.8951","6.8917","6.9017","6.8882","-0.03%"
"Dec 19, 2018","6.8922","6.8908","6.8983","6.8873","-0.04%"
"Dec 20, 2018","6.8851","6.9050","6.9150","6.8836","-0.10%"
"Dec 21, 2018","6.9065","6.8818","6.9078","6.8818","0.31%"
"Dec 24, 2018","6.8991","6.9078","6.9131","6.8949","-0.11%"
"Dec 25, 2018","6.8872","6.8961","6.8979","6.8765","-0.17%"
"Dec 26, 2018","6.8854","6.8873","6.8919","6.8761","-0.03%"
"Dec 27, 2018","6.8663","6.8899","6.8964","6.8635","-0.28%"
"Dec 28, 2018","6.8785","6.8648","6.8785","6.8500","0.18%"
"Dec 31, 2018","6.8785","6.8785","6.8785","6.8785","0.00%"
"Jan 01, 2019","6.8785","6.8785","6.8785","6.8785","0.00%"
"Jan 02, 2019","6.8620","6.8631","6.8694","6.8506","-0.24%"
"Jan 03, 2019","6.8720","6.8640","6.8840","6.8640","0.15%"
"Jan 04, 2019","6.8692","6.8687","6.8737","6.8639","-0.04%"
"Jan 07, 2019","6.8510","6.8507","6.8531","6.8440","-0.26%"
"Jan 08, 2019","6.8532","6.8443","6.8623","6.8438","0.03%"
"Jan 09, 2019","6.8165","6.8485","6.8485","6.8165","-0.54%"
"Jan 10, 2019","6.7885","6.8173","6.8235","6.7733","-0.41%"
"Jan 11, 2019","6.7630","6.7933","6.7934","6.7394","-0.38%"
"Jan 14, 2019","6.7681","6.7433","6.7714","6.7349","0.08%"
"Jan 15, 2019","6.7610","6.7465","6.7613","6.7392","-0.10%"
"Jan 16, 2019","6.7568","6.7729","6.7824","6.7550","-0.06%"
"Jan 17, 2019","6.7764","6.7465","6.7797","6.7465","0.29%"
"Jan 18, 2019","6.7790","6.7721","6.7830","6.7692","0.04%"
"Jan 21, 2019","6.7980","6.7966","6.8019","6.7866","0.28%"
"Jan 22, 2019","6.8080","6.7912","6.8112","6.7912","0.15%"
"Jan 23, 2019","6.7920","6.8050","6.8058","6.7782","-0.24%"
"Jan 24, 2019","6.7885","6.7821","6.8013","6.7793","-0.05%"
"Jan 25, 2019","6.7472","6.7919","6.7929","6.7471","-0.61%"
"Jan 28, 2019","6.7453","6.7415","6.7459","6.7215","-0.03%"
"Jan 29, 2019","6.7329","6.7467","6.7554","6.7300","-0.18%"
"Jan 30, 2019","6.7165","6.7354","6.7354","6.7081","-0.24%"
"Jan 31, 2019","6.7008","6.6996","6.7160","6.6955","-0.23%"
"Feb 01, 2019","6.7448","6.7005","6.7448","6.7005","0.66%"
"Feb 04, 2019","6.7448","6.7448","6.7448","6.7448","0.00%"
"Feb 05, 2019","6.7448","6.7448","6.7448","6.7448","0.00%"
"Feb 06, 2019","6.7448","6.7448","6.7448","6.7448","0.00%"
"Feb 07, 2019","6.7448","6.7448","6.7448","6.7448","0.00%"
"Feb 08, 2019","6.7448","6.7448","6.7448","6.7448","0.00%"
"Feb 11, 2019","6.7923","6.7435","6.7939","6.7435","0.70%"
"Feb 12, 2019","6.7740","6.7912","6.7956","6.7661","-0.27%"
"Feb 13, 2019","6.7604","6.7584","6.7665","6.7506","-0.20%"
"Feb 14, 2019","6.7721","6.7677","6.7780","6.7583","0.17%"
"Feb 15, 2019","6.7730","6.7757","6.7864","6.7684","0.01%"
"Feb 18, 2019","6.7667","6.7725","6.7725","6.7526","-0.09%"
"Feb 19, 2019","6.7587","6.7729","6.7825","6.7564","-0.12%"
"Feb 20, 2019","6.7212","6.7373","6.7415","6.7140","-0.55%"
"Feb 21, 2019","6.7197","6.7199","6.7263","6.6888","-0.02%"
"Feb 22, 2019","6.7142","6.7314","6.7368","6.7114","-0.08%"
"Feb 25, 2019","6.6894","6.7167","6.7167","6.6768","-0.37%"
"Feb 26, 2019","6.7002","6.6893","6.7066","6.6893","0.16%"
"Feb 27, 2019","6.6872","6.6937","6.6984","6.6783","-0.19%"
"Feb 28, 2019","6.6942","6.6876","6.6943","6.6790","0.10%"
"Mar 01, 2019","6.7064","6.6943","6.7112","6.6942","0.18%"
"Mar 04, 2019","6.7073","6.7086","6.7086","6.6868","0.01%"
"Mar 05, 2019","6.7076","6.7077","6.7085","6.6970","0.00%"
"Mar 06, 2019","6.7119","6.7064","6.7201","6.7032","0.06%"
"Mar 07, 2019","6.7149","6.7083","6.7151","6.7034","0.04%"
"Mar 08, 2019","6.7216","6.7268","6.7278","6.7173","0.10%"
"Mar 11, 2019","6.7265","6.7244","6.7315","6.7224","0.07%"
"Mar 12, 2019","6.7085","6.7241","6.7241","6.7038","-0.27%"
"Mar 13, 2019","6.7071","6.7053","6.7123","6.7026","-0.02%"
"Mar 14, 2019","6.7230","6.7077","6.7299","6.7031","0.24%"
"Mar 15, 2019","6.7138","6.7222","6.7302","6.7069","-0.14%"
"Mar 18, 2019","6.7131","6.7139","6.7180","6.7081","-0.01%"
"Mar 19, 2019","6.7119","6.7144","6.7211","6.7095","-0.02%"
"Mar 20, 2019","6.6946","6.7187","6.7198","6.6941","-0.26%"
"Mar 21, 2019","6.6992","6.6806","6.7000","6.6725","0.07%"
"Mar 22, 2019","6.7181","6.7028","6.7183","6.6974","0.28%"
"Mar 25, 2019","6.7094","6.7211","6.7214","6.7053","-0.13%"
"Mar 26, 2019","6.7157","6.7071","6.7167","6.7026","0.09%"
"Mar 27, 2019","6.7271","6.7131","6.7278","6.7111","0.17%"
"Mar 28, 2019","6.7391","6.7266","6.7408","6.7206","0.18%"
"Mar 29, 2019","6.7120","6.7336","6.7364","6.7066","-0.40%"
"Apr 01, 2019","6.7115","6.7125","6.7144","6.7003","-0.01%"
"Apr 02, 2019","6.7233","6.7177","6.7253","6.7149","0.18%"
"Apr 03, 2019","6.7114","6.7229","6.7229","6.7050","-0.18%"
"Apr 04, 2019","6.7174","6.7073","6.7207","6.7065","0.09%"
"Apr 05, 2019","6.7190","6.7190","6.7190","6.7190","0.02%"
"Apr 08, 2019","6.7164","6.7144","6.7218","6.7110","-0.04%"
"Apr 09, 2019","6.7119","6.7127","6.7195","6.7079","-0.07%"
"Apr 10, 2019","6.7159","6.7175","6.7188","6.7098","0.06%"
"Apr 11, 2019","6.7194","6.7132","6.7197","6.7103","0.05%"
"Apr 12, 2019","6.7044","6.7194","6.7235","6.6989","-0.22%"
"Apr 15, 2019","6.7087","6.7043","6.7110","6.7036","0.06%"
"Apr 16, 2019","6.7121","6.7081","6.7134","6.7053","0.05%"
"Apr 17, 2019","6.6882","6.7108","6.7116","6.6841","-0.36%"
"Apr 18, 2019","6.7090","6.6872","6.7095","6.6845","0.31%"
"Apr 19, 2019","6.7042","6.7064","6.7074","6.7002","-0.07%"
"Apr 22, 2019","6.7120","6.7036","6.7149","6.7022","0.12%"
"Apr 23, 2019","6.7259","6.7114","6.7276","6.7084","0.21%"
"Apr 24, 2019","6.7219","6.7251","6.7259","6.7145","-0.06%"
"Apr 25, 2019","6.7431","6.7222","6.7496","6.7222","0.32%"
"Apr 26, 2019","6.7298","6.7436","6.7436","6.7263","-0.20%"
"Apr 29, 2019","6.7336","6.7292","6.7364","6.7265","0.06%"
"Apr 30, 2019","6.7349","6.7328","6.7418","6.7311","0.02%"
"May 01, 2019","6.7349","6.7369","6.7369","6.7349","0.00%"
"May 02, 2019","6.7346","6.7348","6.7348","6.7325","-0.00%"
"May 03, 2019","6.7346","6.7345","6.7346","6.7325","0.00%"
"May 06, 2019","6.7645","6.7379","6.8010","6.7379","0.44%"
"May 07, 2019","6.7769","6.7639","6.7810","6.7563","0.18%"
"May 08, 2019","6.7828","6.7759","6.7850","6.7656","0.09%"
"May 09, 2019","6.8274","6.7823","6.8307","6.7823","0.66%"
"May 10, 2019","6.8240","6.8268","6.8278","6.7951","-0.05%"
"May 13, 2019","6.8784","6.8240","6.8824","6.8240","0.80%"
"May 14, 2019","6.8760","6.8776","6.8888","6.8642","-0.03%"
"May 15, 2019","6.8761","6.8754","6.8812","6.8640","0.00%"
"May 16, 2019","6.8838","6.8747","6.8861","6.8730","0.11%"
"May 17, 2019","6.9186","6.8823","6.9186","6.8823","0.51%"
"May 20, 2019","6.9123","6.9007","6.9174","6.9000","-0.09%"
"May 21, 2019","6.9023","6.9114","6.9179","6.8972","-0.14%"
"May 22, 2019","6.9064","6.9008","6.9159","6.8962","0.06%"
"May 23, 2019","6.9105","6.9057","6.9211","6.9057","0.06%"
"May 24, 2019","6.9002","6.9085","6.9148","6.8966","-0.15%"
"May 27, 2019","6.8979","6.8989","6.8994","6.8804","-0.03%"
"May 28, 2019","6.9101","6.8983","6.9158","6.8983","0.18%"
"May 29, 2019","6.9145","6.9104","6.9182","6.9088","0.06%"
"May 30, 2019","6.9019","6.9131","6.9156","6.8978","-0.18%"
"May 31, 2019","6.9050","6.9027","6.9158","6.8995","0.04%"
"Jun 03, 2019","6.9038","6.9045","6.9101","6.8978","-0.02%"
"Jun 04, 2019","6.9083","6.9034","6.9150","6.8978","0.07%"
"Jun 05, 2019","6.9091","6.9075","6.9150","6.9011","0.01%"
"Jun 06, 2019","6.9097","6.9101","6.9184","6.9070","0.01%"
"Jun 07, 2019","6.9097","6.9122","6.9122","6.9097","0.00%"
"Jun 10, 2019","6.9310","6.9243","6.9365","6.9243","0.31%"
"Jun 11, 2019","6.9114","6.9297","6.9297","6.9075","-0.28%"
"Jun 12, 2019","6.9177","6.9110","6.9236","6.9095","0.09%"
"Jun 13, 2019","6.9216","6.9184","6.9230","6.9153","0.06%"
"Jun 14, 2019","6.9255","6.9205","6.9262","6.9200","0.06%"
"Jun 17, 2019","6.9258","6.9254","6.9276","6.9201","0.00%"
"Jun 18, 2019","6.9032","6.9278","6.9330","6.9022","-0.33%"
"Jun 19, 2019","6.9036","6.9042","6.9115","6.9024","0.01%"
"Jun 20, 2019","6.8520","6.8949","6.8959","6.8440","-0.75%"
"Jun 21, 2019","6.8700","6.8524","6.8793","6.8336","0.26%"
"Jun 24, 2019","6.8770","6.8736","6.8873","6.8700","0.10%"
"Jun 25, 2019","6.8798","6.8715","6.8851","6.8655","0.04%"
"Jun 26, 2019","6.8800","6.8876","6.8937","6.8658","0.00%"
"Jun 27, 2019","6.8771","6.8785","6.8846","6.8738","-0.04%"
"Jun 28, 2019","6.8668","6.8748","6.8801","6.8595","-0.15%"
"Jul 01, 2019","6.8517","6.8673","6.8673","6.8341","-0.22%"
"Jul 02, 2019","6.8729","6.8504","6.8834","6.8504","0.31%"
"Jul 03, 2019","6.8811","6.8763","6.8930","6.8751","0.12%"
"Jul 04, 2019","6.8715","6.8761","6.8773","6.8676","-0.14%"
"Jul 05, 2019","6.8936","6.8741","6.8939","6.8720","0.32%"
"Jul 08, 2019","6.8819","6.8936","6.8960","6.8757","-0.17%"
"Jul 09, 2019","6.8880","6.8879","6.8931","6.8806","0.09%"
"Jul 10, 2019","6.8729","6.8863","6.8895","6.8700","-0.22%"
"Jul 11, 2019","6.8702","6.8724","6.8765","6.8587","-0.04%"
"Jul 12, 2019","6.8808","6.8694","6.8820","6.8682","0.15%"
"Jul 15, 2019","6.8777","6.8804","6.8830","6.8700","-0.05%"
"Jul 16, 2019","6.8763","6.8779","6.8798","6.8706","-0.02%"
"Jul 17, 2019","6.8736","6.8752","6.8835","6.8720","-0.04%"
"Jul 18, 2019","6.8801","6.8712","6.8823","6.8712","0.09%"
"Jul 19, 2019","6.8821","6.8773","6.8823","6.8712","0.03%"
"Jul 22, 2019","6.8811","6.8820","6.8834","6.8754","-0.01%"
"Jul 23, 2019","6.8792","6.8808","6.8846","6.8742","-0.03%"
"Jul 24, 2019","6.8725","6.8794","6.8840","6.8676","-0.10%"
"Jul 25, 2019","6.8726","6.8689","6.8777","6.8665","0.00%"
"Jul 26, 2019","6.8792","6.8707","6.8818","6.8707","0.10%"
"Jul 29, 2019","6.8934","6.8792","6.8958","6.8759","0.21%"
"Jul 30, 2019","6.8845","6.8904","6.8933","6.8754","-0.13%"
"Jul 31, 2019","6.8841","6.8857","6.8888","6.8777","-0.01%"
"Aug 01, 2019","6.8986","6.8837","6.9065","6.8837","0.21%"
"Aug 02, 2019","6.9405","6.8985","6.9504","6.8985","0.61%"
"Aug 05, 2019","7.0508","7.0176","7.0564","7.0150","1.59%"
"Aug 06, 2019","7.0265","7.0509","7.0604","7.0160","-0.34%"
"Aug 07, 2019","7.0602","7.0353","7.0643","7.0298","0.48%"
"Aug 08, 2019","7.0451","7.0588","7.0588","7.0363","-0.21%"
"Aug 09, 2019","7.0624","7.0438","7.0624","7.0438","0.25%"
"Aug 12, 2019","7.0582","7.0603","7.0693","7.0537","-0.06%"
"Aug 13, 2019","7.0435","7.0587","7.0724","7.0434","-0.21%"
"Aug 14, 2019","7.0244","7.0205","7.0292","7.0105","-0.27%"
"Aug 15, 2019","7.0340","7.0273","7.0433","7.0169","0.14%"
"Aug 16, 2019","7.0428","7.0362","7.0472","7.0359","0.13%"
"Aug 19, 2019","7.0507","7.0386","7.0514","7.0381","0.11%"
"Aug 20, 2019","7.0605","7.0495","7.0686","7.0495","0.14%"
"Aug 21, 2019","7.0632","7.0594","7.0669","7.0499","0.04%"
"Aug 22, 2019","7.0837","7.0601","7.0939","7.0601","0.29%"
"Aug 23, 2019","7.0960","7.0893","7.1017","7.0731","0.17%"
"Aug 26, 2019","7.1512","7.1359","7.1534","7.1349","0.78%"
"Aug 27, 2019","7.1623","7.1434","7.1708","7.1434","0.16%"
"Aug 28, 2019","7.1653","7.1618","7.1701","7.1551","0.04%"
"Aug 29, 2019","7.1445","7.1634","7.1715","7.1382","-0.29%"
"Aug 30, 2019","7.1568","7.1459","7.1575","7.1392","0.17%"
"Sep 02, 2019","7.1719","7.1547","7.1738","7.1547","0.21%"
"Sep 03, 2019","7.1789","7.1714","7.1847","7.1703","0.10%"
"Sep 04, 2019","7.1460","7.1819","7.1819","7.1460","-0.46%"
"Sep 05, 2019","7.1485","7.1426","7.1565","7.1235","0.03%"
"Sep 06, 2019","7.1157","7.1461","7.1576","7.1126","-0.46%"
"Sep 09, 2019","7.1220","7.1146","7.1356","7.1146","0.09%"
"Sep 10, 2019","7.1127","7.1211","7.1212","7.0976","-0.13%"
"Sep 11, 2019","7.1167","7.1174","7.1237","7.1050","0.06%"
"Sep 12, 2019","7.0793","7.0977","7.1030","7.0641","-0.53%"
"Sep 13, 2019","7.0794","7.0814","7.0814","7.0794","0.00%"
"Sep 16, 2019","7.0674","7.0789","7.0789","7.0627","-0.17%"
"Sep 17, 2019","7.0918","7.0673","7.0983","7.0673","0.35%"
"Sep 18, 2019","7.0860","7.0900","7.0927","7.0839","-0.08%"
"Sep 19, 2019","7.0966","7.0852","7.1052","7.0852","0.15%"
"Sep 20, 2019","7.0916","7.0958","7.0980","7.0815","-0.07%"
"Sep 23, 2019","7.1185","7.0908","7.1300","7.0908","0.38%"
"Sep 24, 2019","7.1164","7.1184","7.1235","7.1039","-0.03%"
"Sep 25, 2019","7.1318","7.1153","7.1343","7.1075","0.22%"
"Sep 26, 2019","7.1326","7.1290","7.1375","7.1243","0.01%"
"Sep 27, 2019","7.1227","7.1316","7.1388","7.1190","-0.14%"
"Sep 30, 2019","7.1484","7.1303","7.1484","7.1174","0.36%"
"Oct 01, 2019","7.1484","7.1484","7.1484","7.1484","0.00%"
"Oct 02, 2019","7.1484","7.1484","7.1484","7.1484","0.00%"
"Oct 03, 2019","7.1484","7.1484","7.1484","7.1484","0.00%"
"Oct 04, 2019","7.1484","7.1484","7.1484","7.1484","0.00%"
"Oct 07, 2019","7.1484","7.1484","7.1484","7.1484","0.00%"
"Oct 08, 2019","7.1444","7.1324","7.1503","7.1214","-0.06%"
"Oct 09, 2019","7.1324","7.1430","7.1523","7.1190","-0.17%"
"Oct 10, 2019","7.1163","7.1313","7.1313","7.1023","-0.23%"
"Oct 11, 2019","7.0880","7.1155","7.1155","7.0872","-0.40%"
"Oct 14, 2019","7.0675","7.0908","7.0910","7.0505","-0.29%"
"Oct 15, 2019","7.0817","7.0663","7.0833","7.0629","0.20%"
"Oct 16, 2019","7.0936","7.0966","7.1045","7.0897","0.17%"
"Oct 17, 2019","7.0774","7.0959","7.1016","7.0643","-0.23%"
"Oct 18, 2019","7.0817","7.0742","7.0885","7.0668","0.06%"
"Oct 21, 2019","7.0762","7.0819","7.0819","7.0662","-0.08%"
"Oct 22, 2019","7.0769","7.0756","7.0840","7.0705","0.01%"
"Oct 23, 2019","7.0656","7.0786","7.0895","7.0655","-0.16%"
"Oct 24, 2019","7.0690","7.0665","7.0733","7.0560","0.05%"
"Oct 25, 2019","7.0654","7.0696","7.0765","7.0624","-0.05%"
"Oct 28, 2019","7.0678","7.0655","7.0693","7.0525","0.03%"
"Oct 29, 2019","7.0657","7.0672","7.0672","7.0526","-0.03%"
"Oct 30, 2019","7.0553","7.0652","7.0682","7.0540","-0.15%"
"Oct 31, 2019","7.0395","7.0447","7.0507","7.0324","-0.22%"
"Nov 01, 2019","7.0375","7.0387","7.0495","7.0347","-0.03%"
"Nov 04, 2019","7.0304","7.0328","7.0343","7.0225","-0.10%"
"Nov 05, 2019","7.0097","7.0296","7.0316","6.9891","-0.29%"
"Nov 06, 2019","6.9982","6.9970","7.0052","6.9909","-0.16%"
"Nov 07, 2019","6.9784","6.9985","7.0208","6.9689","-0.28%"
"Nov 08, 2019","6.9961","6.9690","6.9968","6.9676","0.25%"
"Nov 11, 2019","7.0106","6.9962","7.0122","6.9917","0.21%"
"Nov 12, 2019","7.0078","7.0111","7.0111","6.9962","-0.04%"
"Nov 13, 2019","7.0235","7.0076","7.0272","7.0076","0.22%"
"Nov 14, 2019","7.0208","7.0240","7.0252","7.0143","-0.04%"
"Nov 15, 2019","7.0083","7.0201","7.0201","6.9992","-0.18%"
"Nov 18, 2019","7.0260","7.0090","7.0268","7.0090","0.25%"
"Nov 19, 2019","7.0276","7.0259","7.0303","7.0202","0.02%"
"Nov 20, 2019","7.0359","7.0317","7.0394","7.0279","0.12%"
"Nov 21, 2019","7.0293","7.0351","7.0452","7.0259","-0.09%"
"Nov 22, 2019","7.0400","7.0262","7.0428","7.0249","0.15%"
"Nov 25, 2019","7.0364","7.0404","7.0404","7.0314","-0.05%"
"Nov 26, 2019","7.0335","7.0289","7.0430","7.0259","-0.04%"
"Nov 27, 2019","7.0290","7.0245","7.0319","7.0177","-0.06%"
"Nov 28, 2019","7.0353","7.0295","7.0357","7.0253","0.09%"
"Nov 29, 2019","7.0324","7.0326","7.0370","7.0191","-0.04%"
"Dec 02, 2019","7.0393","7.0268","7.0459","7.0266","0.10%"
"Dec 03, 2019","7.0613","7.0407","7.0614","7.0362","0.31%"
"Dec 04, 2019","7.0499","7.0619","7.0744","7.0469","-0.16%"
"Dec 05, 2019","7.0448","7.0503","7.0569","7.0352","-0.07%"
"Dec 06, 2019","7.0350","7.0414","7.0498","7.0264","-0.14%"
"Dec 09, 2019","7.0393","7.0334","7.0434","7.0297","0.06%"
"Dec 10, 2019","7.0342","7.0392","7.0426","7.0313","-0.07%"
"Dec 11, 2019","7.0388","7.0354","7.0408","7.0335","0.07%"
"Dec 12, 2019","6.9849","7.0339","7.0408","6.9839","-0.77%"
"Dec 13, 2019","6.9895","6.9641","7.0022","6.9636","0.07%"
"Dec 16, 2019","6.9935","6.9996","7.0084","6.9930","0.06%"
"Dec 17, 2019","6.9972","6.9954","7.0030","6.9910","0.05%"
"Dec 18, 2019","7.0050","7.0019","7.0129","6.9958","0.11%"
"Dec 19, 2019","7.0104","7.0006","7.0106","6.9971","0.08%"
"Dec 20, 2019","7.0068","7.0101","7.0160","7.0030","-0.05%"
"Dec 23, 2019","7.0128","7.0073","7.0142","7.0062","0.09%"
"Dec 24, 2019","7.0075","7.0131","7.0151","7.0031","-0.08%"
"Dec 25, 2019","6.9894","7.0064","7.0064","6.9788","-0.26%"
"Dec 26, 2019","6.9965","6.9891","7.0069","6.9880","0.10%"
"Dec 27, 2019","6.9958","6.9932","7.0015","6.9916","-0.01%"
"Dec 30, 2019","6.9867","6.9958","6.9958","6.9783","-0.13%"
"Dec 31, 2019","6.9632","6.9832","6.9870","6.9556","-0.34%"
"Jan 01, 2020","6.9632","6.9632","6.9657","6.9632","0.00%"
"Jan 02, 2020","6.9643","6.9597","6.9741","6.9568","0.02%"
"Jan 03, 2020","6.9655","6.9616","6.9759","6.9616","0.02%"
"Jan 06, 2020","6.9760","6.9686","6.9797","6.9683","0.15%"
"Jan 07, 2020","6.9452","6.9679","6.9711","6.9290","-0.44%"
"Jan 08, 2020","6.9462","6.9543","6.9556","6.9373","0.01%"
"Jan 09, 2020","6.9318","6.9319","6.9362","6.9210","-0.21%"
"Jan 10, 2020","6.9192","6.9318","6.9398","6.9171","-0.18%"
"Jan 13, 2020","6.8938","6.9122","6.9156","6.8849","-0.37%"
"Jan 14, 2020","6.8841","6.8759","6.8895","6.8653","-0.14%"
"Jan 15, 2020","6.8909","6.8938","6.8989","6.8837","0.10%"
"Jan 16, 2020","6.8789","6.8849","6.8939","6.8762","-0.17%"
"Jan 17, 2020","6.8598","6.8756","6.8792","6.8525","-0.28%"
"Jan 20, 2020","6.8668","6.8595","6.8670","6.8404","0.10%"
"Jan 21, 2020","6.9058","6.8773","6.9096","6.8765","0.57%"
"Jan 22, 2020","6.9066","6.9104","6.9196","6.8986","0.01%"
"Jan 23, 2020","6.9367","6.9061","6.9367","6.9061","0.44%"
"Jan 24, 2020","6.9367","6.9367","6.9367","6.9367","0.00%"
"Jan 27, 2020","6.9367","6.9367","6.9367","6.9367","0.00%"
"Jan 28, 2020","6.9367","6.9367","6.9367","6.9367","0.00%"
"Jan 29, 2020","6.9367","6.9367","6.9367","6.9367","0.00%"
"Jan 30, 2020","6.9367","6.9367","6.9367","6.9367","0.00%"
"Jan 31, 2020","6.9367","6.9367","6.9367","6.9367","0.00%"
"Feb 03, 2020","7.0215","6.9371","7.0256","6.9371","1.22%"
"Feb 04, 2020","6.9985","7.0213","7.0213","6.9871","-0.33%"
"Feb 05, 2020","6.9738","6.9978","7.0088","6.9668","-0.35%"
"Feb 06, 2020","6.9708","6.9749","6.9828","6.9564","-0.04%"
"Feb 07, 2020","7.0015","6.9776","7.0020","6.9759","0.44%"
"Feb 10, 2020","6.9844","7.0001","7.0038","6.9772","-0.24%"
"Feb 11, 2020","6.9660","6.9834","6.9834","6.9595","-0.26%"
"Feb 12, 2020","6.9719","6.9672","6.9771","6.9592","0.08%"
"Feb 13, 2020","6.9770","6.9736","6.9862","6.9724","0.07%"
"Feb 14, 2020","6.9869","6.9734","6.9879","6.9734","0.14%"
"Feb 17, 2020","6.9813","6.9806","6.9832","6.9718","-0.08%"
"Feb 18, 2020","6.9971","6.9854","7.0088","6.9854","0.23%"
"Feb 19, 2020","6.9982","7.0058","7.0133","6.9893","0.02%"
"Feb 20, 2020","7.0229","7.0074","7.0261","7.0027","0.35%"
"Feb 21, 2020","7.0271","7.0295","7.0442","7.0263","0.06%"
"Feb 24, 2020","7.0294","7.0385","7.0406","7.0237","0.03%"
"Feb 25, 2020","7.0135","7.0110","7.0197","7.0080","-0.23%"
"Feb 26, 2020","7.0225","7.0126","7.0260","7.0126","0.13%"
"Feb 27, 2020","7.0045","7.0154","7.0222","7.0008","-0.26%"
"Feb 28, 2020","6.9919","7.0032","7.0133","6.9796","-0.18%"
"Mar 02, 2020","6.9610","6.9740","6.9778","6.9516","-0.44%"
"Mar 03, 2020","6.9620","6.9605","6.9873","6.9595","0.01%"
"Mar 04, 2020","6.9262","6.9422","6.9522","6.9215","-0.51%"
"Mar 05, 2020","6.9373","6.9378","6.9444","6.9295","0.16%"
"Mar 06, 2020","6.9321","6.9441","6.9601","6.9261","-0.07%"
"Mar 09, 2020","6.9466","6.9108","6.9550","6.9108","0.21%"
"Mar 10, 2020","6.9564","6.9400","6.9612","6.9284","0.14%"
"Mar 11, 2020","6.9605","6.9584","6.9656","6.9442","0.06%"
"Mar 12, 2020","7.0295","6.9611","7.0373","6.9611","0.99%"
"Mar 13, 2020","7.0086","7.0299","7.0379","6.9773","-0.30%"
"Mar 16, 2020","6.9933","7.0016","7.0251","6.9895","-0.22%"
"Mar 17, 2020","7.0079","6.9951","7.0249","6.9869","0.21%"
"Mar 18, 2020","7.0474","7.0216","7.0481","7.0039","0.56%"
"Mar 19, 2020","7.1082","7.0483","7.1263","7.0483","0.86%"
"Mar 20, 2020","7.0960","7.1059","7.1061","7.0497","-0.17%"
"Mar 23, 2020","7.0926","7.0998","7.1242","7.0791","-0.05%"
"Mar 24, 2020","7.0631","7.0869","7.0931","7.0587","-0.42%"
"Mar 25, 2020","7.1148","7.0655","7.1202","7.0526","0.73%"
"Mar 26, 2020","7.0735","7.0935","7.1226","7.0683","-0.58%"
"Mar 27, 2020","7.0962","7.0626","7.0988","7.0550","0.32%"
"Mar 30, 2020","7.1003","7.0955","7.1043","7.0870","0.06%"
"Mar 31, 2020","7.0825","7.0946","7.1015","7.0802","-0.25%"
"Apr 01, 2020","7.1001","7.0812","7.1076","7.0795","0.25%"
"Apr 02, 2020","7.0840","7.1169","7.1288","7.0839","-0.23%"
"Apr 03, 2020","7.0927","7.0876","7.0998","7.0805","0.12%"
"Apr 06, 2020","7.0927","7.0927","7.0927","7.0927","0.00%"
"Apr 07, 2020","7.0458","7.0880","7.0880","7.0458","-0.66%"
"Apr 08, 2020","7.0660","7.0649","7.0763","7.0593","0.29%"
"Apr 09, 2020","7.0432","7.0627","7.0738","7.0313","-0.32%"
"Apr 10, 2020","7.0360","7.0488","7.0505","7.0293","-0.10%"
"Apr 13, 2020","7.0526","7.0366","7.0586","7.0366","0.24%"
"Apr 14, 2020","7.0486","7.0518","7.0661","7.0421","-0.06%"
"Apr 15, 2020","7.0677","7.0473","7.0693","7.0456","0.27%"
"Apr 16, 2020","7.0798","7.0725","7.0847","7.0702","0.17%"
"Apr 17, 2020","7.0731","7.0689","7.0840","7.0660","-0.09%"
"Apr 20, 2020","7.0736","7.0808","7.0835","7.0690","0.01%"
"Apr 21, 2020","7.0920","7.0812","7.0988","7.0793","0.26%"
"Apr 22, 2020","7.0842","7.0878","7.0920","7.0773","-0.11%"
"Apr 23, 2020","7.0667","7.0833","7.0877","7.0628","-0.25%"
"Apr 24, 2020","7.0819","7.0805","7.0876","7.0725","0.22%"
"Apr 27, 2020","7.0865","7.0763","7.0938","7.0740","0.06%"
"Apr 28, 2020","7.0796","7.0842","7.0920","7.0720","-0.10%"
"Apr 29, 2020","7.0768","7.0767","7.0822","7.0705","-0.04%"
"Apr 30, 2020","7.0622","7.0674","7.0692","7.0478","-0.21%"
"May 01, 2020","7.0622","7.0622","7.0622","7.0622","0.00%"
"May 04, 2020","7.0622","7.0622","7.0622","7.0622","0.00%"
"May 05, 2020","7.0622","7.0622","7.0622","7.0622","0.00%"
"May 06, 2020","7.1046","7.0617","7.1065","7.0617","0.60%"
"May 07, 2020","7.0843","7.1060","7.1090","7.0842","-0.29%"
"May 08, 2020","7.0742","7.0750","7.0811","7.0689","-0.14%"
"May 11, 2020","7.0992","7.0768","7.1006","7.0719","0.35%"
"May 12, 2020","7.0829","7.0946","7.1006","7.0793","-0.23%"
"May 13, 2020","7.0922","7.0827","7.0971","7.0827","0.13%"
"May 14, 2020","7.0959","7.0964","7.1049","7.0945","0.05%"
"May 15, 2020","7.1021","7.0957","7.1071","7.0941","0.09%"
"May 18, 2020","7.1097","7.1059","7.1203","7.1014","0.11%"
"May 19, 2020","7.0992","7.1014","7.1136","7.0945","-0.15%"
"May 20, 2020","7.0935","7.0992","7.1098","7.0892","-0.08%"
"May 21, 2020","7.1153","7.0943","7.1165","7.0926","0.31%"
"May 22, 2020","7.1304","7.1170","7.1471","7.1158","0.21%"
"May 25, 2020","7.1368","7.1321","7.1435","7.1316","0.09%"
"May 26, 2020","7.1350","7.1335","7.1391","7.1258","-0.03%"
"May 27, 2020","7.1696","7.1345","7.1781","7.1345","0.48%"
"May 28, 2020","7.1463","7.1697","7.1697","7.1446","-0.32%"
"May 29, 2020","7.1372","7.1595","7.1595","7.1321","-0.13%"
"Jun 01, 2020","7.1278","7.1178","7.1426","7.1126","-0.13%"
"Jun 02, 2020","7.1014","7.1160","7.1252","7.0973","-0.37%"
"Jun 03, 2020","7.1158","7.0939","7.1299","7.0939","0.20%"
"Jun 04, 2020","7.1103","7.1205","7.1327","7.1058","-0.08%"
"Jun 05, 2020","7.0820","7.1065","7.1156","7.0800","-0.40%"
"Jun 08, 2020","7.0716","7.0830","7.0919","7.0690","-0.15%"
"Jun 09, 2020","7.0773","7.0705","7.0914","7.0684","0.08%"
"Jun 10, 2020","7.0610","7.0776","7.0850","7.0564","-0.23%"
"Jun 11, 2020","7.0650","7.0587","7.0758","7.0551","0.06%"
"Jun 12, 2020","7.0834","7.0828","7.0909","7.0729","0.26%"
"Jun 15, 2020","7.0909","7.0837","7.1002","7.0837","0.11%"
"Jun 16, 2020","7.0865","7.0761","7.0872","7.0685","-0.06%"
"Jun 17, 2020","7.0855","7.0882","7.0980","7.0840","-0.01%"
"Jun 18, 2020","7.0894","7.0935","7.0954","7.0717","0.06%"
"Jun 19, 2020","7.0723","7.0896","7.0928","7.0715","-0.24%"
"Jun 22, 2020","7.0684","7.0806","7.0819","7.0659","-0.06%"
"Jun 23, 2020","7.0590","7.0693","7.0896","7.0569","-0.13%"
"Jun 24, 2020","7.0782","7.0572","7.0786","7.0510","0.27%"
"Jun 25, 2020","7.0782","7.0782","7.0782","7.0782","0.00%"
"Jun 26, 2020","7.0782","7.0782","7.0782","7.0782","0.00%"
"Jun 29, 2020","7.0811","7.0836","7.0836","7.0723","0.04%"
"Jun 30, 2020","7.0655","7.0729","7.0783","7.0594","-0.22%"
"Jul 01, 2020","7.0712","7.0678","7.0725","7.0548","0.08%"
"Jul 02, 2020","7.0670","7.0610","7.0711","7.0601","-0.06%"
"Jul 03, 2020","7.0663","7.0629","7.0702","7.0595","-0.01%"
"Jul 06, 2020","7.0188","7.0653","7.0662","7.0152","-0.67%"
"Jul 07, 2020","7.0140","7.0070","7.0268","7.0028","-0.07%"
"Jul 08, 2020","7.0046","7.0222","7.0241","7.0004","-0.13%"
"Jul 09, 2020","6.9942","6.9973","7.0019","6.9794","-0.15%"
"Jul 10, 2020","7.0018","6.9995","7.0148","6.9992","0.11%"
"Jul 13, 2020","6.9974","7.0013","7.0061","6.9920","-0.06%"
"Jul 14, 2020","7.0075","7.0128","7.0207","7.0022","0.14%"
"Jul 15, 2020","6.9889","6.9929","7.0047","6.9818","-0.27%"
"Jul 16, 2020","6.9893","6.9842","7.0028","6.9835","0.01%"
"Jul 17, 2020","6.9924","6.9939","7.0053","6.9912","0.04%"
"Jul 20, 2020","6.9838","6.9911","7.0018","6.9818","-0.12%"
"Jul 21, 2020","6.9808","6.9837","6.9961","6.9791","-0.04%"
"Jul 22, 2020","7.0002","6.9754","7.0123","6.9646","0.28%"
"Jul 23, 2020","7.0040","7.0083","7.0141","6.9896","0.05%"
"Jul 24, 2020","7.0169","7.0063","7.0261","7.0031","0.18%"
"Jul 27, 2020","6.9964","7.0005","7.0065","6.9957","-0.29%"
"Jul 28, 2020","7.0008","6.9885","7.0106","6.9877","0.06%"
"Jul 29, 2020","7.0018","7.0001","7.0054","6.9919","0.01%"
"Jul 30, 2020","7.0088","6.9958","7.0089","6.9925","0.10%"
"Jul 31, 2020","6.9752","6.9925","6.9927","6.9702","-0.48%"
"Aug 03, 2020","6.9809","6.9796","6.9856","6.9681","0.08%"
"Aug 04, 2020","6.9734","6.9833","6.9878","6.9688","-0.11%"
"Aug 05, 2020","6.9367","6.9645","6.9680","6.9350","-0.53%"
"Aug 06, 2020","6.9535","6.9366","6.9538","6.9349","0.24%"
"Aug 07, 2020","6.9680","6.9559","6.9743","6.9525","0.21%"
"Aug 10, 2020","6.9619","6.9651","6.9728","6.9564","-0.09%"
"Aug 11, 2020","6.9463","6.9653","6.9653","6.9426","-0.22%"
"Aug 12, 2020","6.9371","6.9478","6.9578","6.9327","-0.13%"
"Aug 13, 2020","6.9451","6.9320","6.9480","6.9306","0.12%"
"Aug 14, 2020","6.9504","6.9454","6.9533","6.9390","0.08%"
"Aug 17, 2020","6.9329","6.9500","6.9500","6.9295","-0.25%"
"Aug 18, 2020","6.9218","6.9318","6.9349","6.9094","-0.16%"
"Aug 19, 2020","6.9207","6.9173","6.9245","6.9047","-0.02%"
"Aug 20, 2020","6.9158","6.9207","6.9299","6.9136","-0.07%"
"Aug 21, 2020","6.9195","6.9101","6.9260","6.9001","0.05%"
"Aug 24, 2020","6.9196","6.9140","6.9221","6.9114","0.00%"
"Aug 25, 2020","6.9127","6.9097","6.9162","6.9074","-0.10%"
"Aug 26, 2020","6.8860","6.9065","6.9067","6.8860","-0.39%"
"Aug 27, 2020","6.8937","6.8880","6.8963","6.8745","0.11%"
"Aug 28, 2020","6.8654","6.8934","6.8934","6.8611","-0.41%"
"Aug 31, 2020","6.8484","6.8614","6.8631","6.8417","-0.25%"
"Sep 01, 2020","6.8282","6.8419","6.8471","6.8115","-0.29%"
"Sep 02, 2020","6.8383","6.8278","6.8393","6.8220","0.15%"
"Sep 03, 2020","6.8468","6.8406","6.8508","6.8268","0.12%"
"Sep 04, 2020","6.8425","6.8414","6.8481","6.8346","-0.06%"
"Sep 07, 2020","6.8305","6.8293","6.8345","6.8265","-0.18%"
"Sep 08, 2020","6.8464","6.8330","6.8539","6.8300","0.23%"
"Sep 09, 2020","6.8333","6.8460","6.8584","6.8323","-0.19%"
"Sep 10, 2020","6.8344","6.8327","6.8432","6.8259","0.02%"
"Sep 11, 2020","6.8344","6.8364","6.8404","6.8324","0.00%"
"Sep 14, 2020","6.8105","6.8355","6.8355","6.8105","-0.35%"
"Sep 15, 2020","6.7818","6.8096","6.8096","6.7695","-0.42%"
"Sep 16, 2020","6.7548","6.7784","6.7792","6.7548","-0.40%"
"Sep 17, 2020","6.7657","6.7528","6.7826","6.7528","0.16%"
"Sep 18, 2020","6.7693","6.7521","6.7778","6.7521","0.05%"
"Sep 21, 2020","6.8052","6.7625","6.8059","6.7574","0.53%"
"Sep 22, 2020","6.7799","6.8063","6.8063","6.7729","-0.37%"
"Sep 23, 2020","6.8104","6.7934","6.8135","6.7862","0.45%"
"Sep 24, 2020","6.8287","6.8102","6.8338","6.8101","0.27%"
"Sep 25, 2020","6.8238","6.8106","6.8342","6.8106","-0.07%"
"Sep 28, 2020","6.8118","6.8157","6.8286","6.8102","-0.18%"
"Sep 29, 2020","6.8165","6.8228","6.8285","6.8102","0.07%"
"Sep 30, 2020","6.7908","6.8122","6.8179","6.7862","-0.38%"
"Oct 01, 2020","6.7908","6.7906","6.7908","6.7906","0.00%"
"Oct 02, 2020","6.7908","6.7908","6.7908","6.7908","0.00%"
"Oct 05, 2020","6.7908","6.7908","6.7908","6.7908","0.00%"
"Oct 06, 2020","6.7908","6.7908","6.7908","6.7908","0.00%"
"Oct 07, 2020","6.7908","6.7908","6.7908","6.7908","0.00%"
"Oct 08, 2020","6.7908","6.7908","6.7908","6.7908","0.00%"
"Oct 09, 2020","6.6947","6.7253","6.7307","6.6943","-1.42%"
"Oct 12, 2020","6.7458","6.6940","6.7547","6.6940","0.76%"
"Oct 13, 2020","6.7466","6.7569","6.7618","6.7321","0.01%"
"Oct 14, 2020","6.7150","6.7466","6.7488","6.7102","-0.47%"
"Oct 15, 2020","6.7254","6.7171","6.7367","6.7154","0.15%"
"Oct 16, 2020","6.6976","6.7192","6.7265","6.6944","-0.41%"
"Oct 19, 2020","6.6822","6.6981","6.7050","6.6822","-0.23%"
"Oct 20, 2020","6.6767","6.6784","6.6949","6.6766","-0.08%"
"Oct 21, 2020","6.6511","6.6762","6.6762","6.6408","-0.38%"
"Oct 22, 2020","6.6845","6.6527","6.6910","6.6474","0.50%"
"Oct 23, 2020","6.6868","6.6846","6.6951","6.6666","0.03%"
"Oct 26, 2020","6.7123","6.6809","6.7139","6.6772","0.38%"
"Oct 27, 2020","6.7055","6.7130","6.7252","6.6965","-0.10%"
"Oct 28, 2020","6.7290","6.7151","6.7310","6.7070","0.35%"
"Oct 29, 2020","6.7149","6.7288","6.7288","6.7018","-0.21%"
"Oct 30, 2020","6.6927","6.7148","6.7148","6.6795","-0.33%"
"Nov 02, 2020","6.6914","6.6935","6.7019","6.6815","-0.02%"
"Nov 03, 2020","6.6777","6.6831","6.6985","6.6776","-0.20%"
"Nov 04, 2020","6.6535","6.7109","6.7546","6.6535","-0.36%"
"Nov 05, 2020","6.6066","6.6418","6.6659","6.6061","-0.70%"
"Nov 06, 2020","6.6115","6.6166","6.6402","6.6098","0.07%"
"Nov 09, 2020","6.6296","6.5917","6.6312","6.5629","0.27%"
"Nov 10, 2020","6.6156","6.6202","6.6279","6.5969","-0.21%"
"Nov 11, 2020","6.6311","6.6060","6.6327","6.5917","0.23%"
"Nov 12, 2020","6.6129","6.6316","6.6349","6.6117","-0.27%"
"Nov 13, 2020","6.6065","6.6176","6.6287","6.6055","-0.10%"
"Nov 16, 2020","6.5847","6.5898","6.5922","6.5699","-0.33%"
"Nov 17, 2020","6.5565","6.5845","6.5845","6.5456","-0.43%"
"Nov 18, 2020","6.5604","6.5572","6.5655","6.5389","0.06%"
"Nov 19, 2020","6.5835","6.5634","6.5957","6.5634","0.35%"
"Nov 20, 2020","6.5630","6.5751","6.5836","6.5600","-0.31%"
"Nov 23, 2020","6.5860","6.5545","6.5860","6.5531","0.35%"
"Nov 24, 2020","6.5915","6.5770","6.5940","6.5742","0.08%"
"Nov 25, 2020","6.5790","6.5940","6.5940","6.5751","-0.19%"
"Nov 26, 2020","6.5755","6.5663","6.5783","6.5628","-0.05%"
"Nov 27, 2020","6.5769","6.5750","6.5873","6.5736","0.02%"
"Nov 30, 2020","6.5789","6.5767","6.5970","6.5726","0.03%"
"Dec 01, 2020","6.5723","6.5777","6.5884","6.5615","-0.10%"
"Dec 02, 2020","6.5629","6.5637","6.5689","6.5515","-0.14%"
"Dec 03, 2020","6.5429","6.5540","6.5653","6.5418","-0.30%"
"Dec 04, 2020","6.5316","6.5406","6.5536","6.5266","-0.17%"
"Dec 07, 2020","6.5297","6.5263","6.5429","6.5263","-0.03%"
"Dec 08, 2020","6.5332","6.5351","6.5416","6.5213","0.05%"
"Dec 09, 2020","6.5435","6.5309","6.5474","6.5204","0.16%"
"Dec 10, 2020","6.5455","6.5460","6.5543","6.5401","0.03%"
"Dec 11, 2020","6.5463","6.5367","6.5499","6.5361","0.01%"
"Dec 14, 2020","6.5508","6.5339","6.5523","6.5339","0.07%"
"Dec 15, 2020","6.5395","6.5436","6.5567","6.5375","-0.17%"
"Dec 16, 2020","6.5328","6.5360","6.5461","6.5230","-0.10%"
"Dec 17, 2020","6.5332","6.5276","6.5419","6.5253","0.01%"
"Dec 18, 2020","6.5376","6.5328","6.5478","6.5328","0.07%"
"Dec 21, 2020","6.5497","6.5491","6.5576","6.5474","0.19%"
"Dec 22, 2020","6.5432","6.5420","6.5541","6.5382","-0.10%"
"Dec 23, 2020","6.5406","6.5490","6.5556","6.5320","-0.04%"
"Dec 24, 2020","6.5301","6.5400","6.5400","6.5252","-0.16%"
"Dec 25, 2020","6.5418","6.5310","6.5445","6.5206","0.18%"
"Dec 28, 2020","6.5371","6.5433","6.5454","6.5304","-0.07%"
"Dec 29, 2020","6.5308","6.5354","6.5377","6.5259","-0.10%"
"Dec 30, 2020","6.5233","6.5325","6.5389","6.5220","-0.11%"
"Dec 31, 2020","6.5267","6.5220","6.5565","6.5163","0.05%"
"Jan 01, 2021","6.5267","6.5267","6.5267","6.5267","0.00%"
"Jan 04, 2021","6.4601","6.5167","6.5170","6.4567","-1.02%"
"Jan 05, 2021","6.4550","6.4603","6.4693","6.4296","-0.08%"
"Jan 06, 2021","6.4617","6.4561","6.4643","6.4510","0.10%"
"Jan 07, 2021","6.4760","6.4590","6.4795","6.4546","0.22%"
"Jan 08, 2021","6.4750","6.4776","6.4780","6.4615","-0.02%"
"Jan 11, 2021","6.4795","6.4799","6.4932","6.4700","0.07%"
"Jan 12, 2021","6.4610","6.4787","6.4788","6.4577","-0.29%"
"Jan 13, 2021","6.4677","6.4514","6.4724","6.4494","0.10%"
"Jan 14, 2021","6.4736","6.4672","6.4766","6.4617","0.09%"
"Jan 15, 2021","6.4800","6.4665","6.4815","6.4639","0.10%"
"Jan 18, 2021","6.4902","6.4820","6.4974","6.4774","0.16%"
"Jan 19, 2021","6.4777","6.4925","6.4935","6.4774","-0.19%"
"Jan 20, 2021","6.4650","6.4767","6.4780","6.4624","-0.20%"
"Jan 21, 2021","6.4595","6.4567","6.4665","6.4561","-0.09%"
"Jan 22, 2021","6.4810","6.4620","6.4864","6.4620","0.33%"
"Jan 25, 2021","6.4784","6.4850","6.4870","6.4721","-0.04%"
"Jan 26, 2021","6.4635","6.4770","6.4785","6.4623","-0.23%"
"Jan 27, 2021","6.4822","6.4616","6.4881","6.4577","0.29%"
"Jan 28, 2021","6.4491","6.4898","6.4948","6.4475","-0.51%"
"Jan 29, 2021","6.4250","6.4563","6.4679","6.4223","-0.37%"
"Feb 01, 2021","6.4669","6.4309","6.4714","6.4307","0.65%"
"Feb 02, 2021","6.4551","6.4653","6.4672","6.4475","-0.18%"
"Feb 03, 2021","6.4579","6.4560","6.4647","6.4549","0.04%"
"Feb 04, 2021","6.4715","6.4604","6.4737","6.4560","0.21%"
"Feb 05, 2021","6.4664","6.4700","6.4829","6.4599","-0.08%"
"Feb 08, 2021","6.4444","6.4620","6.4629","6.4468","-0.34%"
"Feb 09, 2021","6.4344","6.4478","6.4545","6.4310","-0.16%"
"Feb 10, 2021","6.4576","6.4364","6.4601","6.4292","0.36%"
"Feb 11, 2021","6.4542","6.4582","6.4590","6.4574","-0.05%"
"Feb 18, 2021","6.4869","6.4471","6.4902","6.4453","0.51%"
"Feb 19, 2021","6.4555","6.4710","6.4755","6.4507","-0.48%"
"Feb 22, 2021","6.4625","6.4585","6.4703","6.4564","0.11%"
"Feb 23, 2021","6.4640","6.4566","6.4707","6.4534","0.02%"
"Feb 24, 2021","6.4556","6.4555","6.4630","6.4451","-0.13%"
"Feb 25, 2021","6.4541","6.4566","6.4580","6.4454","-0.02%"
"Feb 26, 2021","6.4730","6.4825","6.4830","6.4564","0.29%"
"Mar 01, 2021","6.4648","6.4676","6.4713","6.4580","-0.13%"
"Mar 02, 2021","6.4702","6.4660","6.4768","6.4654","0.08%"
"Mar 03, 2021","6.4675","6.4675","6.4741","6.4556","-0.04%"
"Mar 04, 2021","6.4694","6.4717","6.4731","6.4650","0.03%"
"Mar 05, 2021","6.4960","6.4700","6.4992","6.4691","0.41%"
"Mar 08, 2021","6.5250","6.4967","6.5330","6.4915","0.45%"
"Mar 09, 2021","6.5050","6.5261","6.5446","6.5030","-0.31%"
"Mar 10, 2021","6.5050","6.5089","6.5179","6.5006","0.00%"
"Mar 11, 2021","6.4932","6.4965","6.5026","6.4822","-0.18%"
"Mar 12, 2021","6.5081","6.4809","6.5100","6.4769","0.23%"
"Mar 15, 2021","6.4996","6.4946","6.5111","6.4946","-0.13%"
"Mar 16, 2021","6.5052","6.4968","6.5078","6.4937","0.09%"
"Mar 17, 2021","6.5030","6.5056","6.5080","6.4981","-0.03%"
"Mar 18, 2021","6.5054","6.4932","6.5125","6.4894","0.04%"
"Mar 19, 2021","6.5070","6.5117","6.5184","6.5005","0.02%"
"Mar 22, 2021","6.5070","6.5100","6.5134","6.5047","0.00%"
"Mar 23, 2021","6.5160","6.5063","6.5180","6.5062","0.14%"
"Mar 24, 2021","6.5230","6.5191","6.5286","6.5157","0.11%"
"Mar 25, 2021","6.5452","6.5283","6.5483","6.5283","0.34%"
"Mar 26, 2021","6.5412","6.5391","6.5471","6.5369","-0.06%"
"Mar 29, 2021","6.5678","6.5416","6.5746","6.5406","0.41%"
"Mar 30, 2021","6.5716","6.5792","6.5802","6.5622","0.06%"
"Mar 31, 2021","6.5518","6.5687","6.5719","6.5445","-0.30%"
"Apr 01, 2021","6.5645","6.5556","6.5792","6.5543","0.19%"
"Apr 02, 2021","6.5646","6.5637","6.5694","6.5578","0.00%"
"Apr 06, 2021","6.5370","6.5546","6.5602","6.5388","-0.42%"
"Apr 07, 2021","6.5415","6.5398","6.5475","6.5358","0.07%"
"Apr 08, 2021","6.5505","6.5493","6.5531","6.5453","0.14%"
"Apr 09, 2021","6.5522","6.5476","6.5627","6.5452","0.03%"
"Apr 12, 2021","6.5443","6.5584","6.5609","6.5427","-0.12%"
"Apr 13, 2021","6.5431","6.5462","6.5548","6.5415","-0.02%"
"Apr 14, 2021","6.5292","6.5402","6.5438","6.5274","-0.21%"
"Apr 15, 2021","6.5220","6.5307","6.5428","6.5202","-0.11%"
"Apr 16, 2021","6.5203","6.5304","6.5348","6.5169","-0.03%"
"Apr 19, 2021","6.5259","6.5293","6.5314","6.5248","0.09%"